COUNTRY,GDP,Internet Speed,Consumption of Pure Alcohol,Intentional Homicide Victims,Military Expenditures,Human Development Index,Democracy Index,Tertiary Education,Importance of Religion (in %),% of Christians,% of Muslims,% of Buddhists,% of Jews,Under-Five Mortality,Age of Criminal Responsability,Minimal Wage,External Debt (% of GDP),Gini (in %),Health Expenditure,Suicide Rate,Fertility Rate,Tabacco Consumption,Obesity Rate,Internet Users (in %),Median Age,Economic Freedom Score,Oil Production,Population Growth Rate,Life Expectancy,Meat Consumption per kg,Incarceration Rate (per 100 000),Literacy Rate,Age at First Marriage,Spending on Education (in %),Homeless Population (per 10 000),Milk Consumption,Num. of Scientific and Technical Journals Articles,Books Published,Kilocalories,Avg. Yearly Temperature (in Celsius)
Afghanistan,470.0,29.728074550131282,0.2,6.7,10.296931922050605,0.511,2.85,14.493477928559145,0.97,0.0002,0.997,0.001,0.002262256847321842,60.3,7.0,866.0,0.07,0.29925410089925547,186.0,6.0,4.321,23.463432885964274,5.5,0.109,19.5,51.5,-26361.53246003853,2.41,63.2,0.9508815964093174,87.0,20.3,15.0,4.1,-247.59071106097824,62.23,3.013,2795.0,2343.227344409445,12.6
Albania,5303.0,45.25,7.5,2.3,11.096346781678674,0.795,6.08,25.764328926808844,0.5,0.17,0.588,0.001,0.008390818421113999,9.7,14.0,3277.0,0.66,0.332,697.0,3.7,1.597,34.2,21.7,0.73,34.3,66.5,7901.0,0.13,78.0,38.2,164.0,86.9,24.0,4.0,28.00413805690704,303.72,62.441,390.0,2890.0,11.4
Algeria,3976.0,47.08869563410701,0.9,1.4,1.467782992631804,0.748,3.77,19.466652374699322,0.95,0.0001,0.997,0.001,-0.016371970250770307,23.3,13.0,2010.0,0.02,0.276,963.0,2.6,2.988,22.4,27.4,0.624,28.9,46.2,33205.0,1.67,77.1,18.4,153.0,19.5,27.8,4.3,61.89780858958994,141.53,123.874,3955.0,3090.0,22.5
Angola,2671.0,93.71273723749857,6.4,4.8,-1.319558985985041,0.581,3.66,34.92559878181686,0.88,0.75,0.003,0.001,0.005080015474365873,74.7,14.0,764.0,0.41,0.513,165.0,12.6,5.442,20.08210328809723,8.2,0.139,15.9,50.6,61417.0,3.28,63.1,25.0,93.0,27.0,21.4,3.5,-29.967123619769723,12.3,0.974,22.0,1960.0,21.55
Argentina,10041.0,51.51,9.8,5.3,1.9010543550843404,0.845,6.95,12.182220270185809,0.65,0.77,0.009,0.001,0.011,9.3,16.0,8640.0,0.72,0.414,1990.0,8.1,2.247,46.2,28.3,0.757,32.4,52.2,11644.0,0.94,76.6,79.7,230.0,97.9,33.2,5.5,43.940427458432225,195.08,198.62,28010.0,3030.0,14.8
Armenia,4623.0,39.89868404129186,5.5,1.7,9.046112107450657,0.776,5.35,7.232186831738744,0.79,0.979,0.001,0.001,6.300000000000001e-06,11.8,14.0,1698.0,1.02,0.344,1037.0,2.7,1.758,34.3,20.2,0.6920000000000001,36.6,67.7,59531.08626729281,0.15,76.0,27.7,74.0,98.9,26.3,2.3,31.562087939636115,209.03,176.506,396.0,2260.0,7.15
Australia,54763.0,77.88,10.6,0.9,2.1,0.944,8.96,48.0,0.32,0.521,0.026,0.027,0.0078,3.6,10.0,28734.0,1.3,0.344,5005.0,11.3,1.657,27.6,29.0,0.85,37.5,80.9,14040.0,1.3,83.0,108.2,160.0,78.64822874617445,30.5,5.3,49.1,234.49,2153.172,28234.0,3220.0,21.65
Austria,49701.0,117.31,11.6,1.0,2.6692704974578603,0.922,8.16,39.0,0.55,0.6,0.08,0.002,0.00063,3.5,14.0,17073.06144931057,1.65,0.297,5879.0,10.4,1.46,48.1,20.1,0.8640000000000001,44.5,72.0,1742.0,0.24,81.6,94.1,95.0,102.89243969346728,30.3,5.5,25.4,258.09,1390.334,8056.0,3750.0,6.35
Azerbaijan,4782.0,57.49249409900153,0.8,2.2,8.133963148713738,0.756,2.68,0.7898184215934236,0.39,0.031,0.969,0.001,0.00048,20.4,14.0,1765.0,0.22,0.266,634.0,4.0,1.8,28.1,19.9,0.78,32.6,65.4,85710.0,0.98,71.4,15.9,208.0,98.4,23.7,2.5,725.0,152.07,76.486,542.0,3020.0,11.95
Bahrain,23504.0,58.53,1.9,0.5,-29.69817371304399,0.852,2.49,54.40584879570409,0.94,0.15,0.737,0.025,-0.03896180447246955,6.9,13.640521038605494,10338.693405542723,0.66,0.3885631643397359,1955.0,7.2,1.964,28.1,29.8,0.912,32.9,66.4,36000.0,4.26,75.8,70.7,234.0,42.3,26.3,2.3,-33.66958298481131,90.29008547921467,205.168,40.0,2611.0595761509603,27.15
Bangladesh,1846.0,36.02,0.0,2.4,2.8208814119050496,0.632,5.99,-3.599426605050695,1.0,0.004,0.904,0.005,0.008754173111634178,30.8,7.0,214.0,0.12,0.324,110.0,3.9,2.011,51.5,3.6,0.698,27.9,55.6,25.0,1.04,74.3,3.1,48.0,39.4,25.0,2.0,307.0,21.91,19.427,67859.64097317422,2270.0,25.0
Barbados,18149.0,105.71,9.6,9.8,4.838279000199821,0.814,5.650267304096847,-5.695996526130244,0.7411203353568984,0.74,0.015,0.001,0.028043316756520387,12.7,13.856196875005606,6500.0,1.0,0.4197414188459492,1204.0,0.3,1.623,10.5,23.1,0.815,39.5,64.7,3521.0,0.24,76.0,88.7,296.0,98.5,31.8,4.7,210.438943412583,110.48,132.57,26385.332968051334,3020.0,26.0
Belarus,6674.0,68.73,11.2,2.4,-1.114775253152863,0.823,2.59,41.27036065448681,0.34,0.5539999999999999,0.0069999999999999,0.001,0.00057,3.2,14.0,0.0,0.66,0.252,1132.0,16.5,1.382,37.3,24.5,0.746,40.9,57.9,2637.0,-0.15,74.8,58.6,345.0,98.6,25.3,4.8,20.887215946113542,133.73,124.833,8205.0,3150.0,6.15
Belgium,46198.0,107.12,12.1,1.7,3.344476569866371,0.931,7.51,43.0,0.33,0.65,0.076,0.002,0.0018,3.4,12.0,21845.0,2.69,0.2739999999999999,5405.0,13.9,1.57,29.9,22.1,0.873,41.6,67.3,26950.912256148025,0.58,81.4,86.1,95.0,117.826323569398,30.0,6.5,21.084120878801343,236.19,1366.291,13913.0,3690.0,9.55
Belize,4884.0,49.44,6.7,37.8,1.9838958470429633,0.716,5.617340254973861,31.497989735129806,0.62,0.767,0.002,0.005,-0.016207857067195186,12.3,11.718825305775438,3861.0,0.75,0.5329999999999999,506.0,7.7,2.274,17.59778648413984,24.1,0.46,23.9,55.4,5464.0,2.05,74.4,74.7,307.0,44.8,28.6,7.4,-153.3817196693406,80.3,23.494,-28894.723931141347,2710.0,25.3
Benin,1220.0,89.48074043390864,3.0,1.1,1.022795086889052,0.545,4.58,38.13747474258517,0.93,0.428,0.2769999999999999,0.001,0.07108124780858227,90.3,11.876328805864391,819.0,0.26,0.478,83.0,12.7,4.767,17.1,9.6,0.1369999999999999,17.0,55.3,8552.633002879367,2.73,63.4,16.2,70.0,7.0,18.7,4.0,-62.2695725590786,8.4,19.852,84.0,2510.0,27.55
Bhutan,3361.0,132.0799191398795,0.6,1.2,9.573599152570951,0.654,5.71,73.2371642285706,1.0542135911510682,0.01,0.002,0.747,-0.014274813852321766,28.5,10.0,639.0,1.08,0.374,322.0,5.1,1.954,42.2221463858792,6.4,0.515,29.1,62.9,60569.4391589519,1.18,73.1,3.0,145.0,14.9,22.8,6.6,-16.49019650451777,-24.737900487364527,70.256,18857.746685354556,2185.795856272683,7.4
Bolivia,3552.0,22.264085689438275,4.8,6.2,2.015697665324206,0.718,5.08,9.2664586780717,0.89,0.89,0.001,0.001,3.2e-05,26.0,14.0,4071.0,0.33,0.422,496.0,6.8,2.688,28.9296256606085,20.2,0.427,25.3,42.3,5334.0,1.47,72.1,50.0,164.0,67.5,24.1,7.3,131.84818975541174,46.04,9.072,1578.0,2100.0,21.55
Bosnia and Herzegovina,6109.0,44.85,6.4,1.2,1.7034746168677781,0.78,4.84,13.397625820759146,0.77,0.4594,0.507,-0.045148084682582384,3.2e-05,5.9,14.0,2789.0,0.23,0.33,1301.0,8.3,1.254,46.3,17.9,0.698,43.3,61.9,-26539.822556884646,-0.22,76.8,21.4,83.0,86.0,27.1,3.4725508889967323,20.0,174.03,211.798,17859.413503748037,3080.0,9.85
Botswana,7961.0,62.043321758497086,8.4,15.2,3.7461317800307214,0.735,7.62,14.412522315516526,0.77,0.716,0.004,0.001,6.300000000000001e-06,41.6,11.015961574214762,692.0,0.08,0.5329999999999999,1089.0,20.2,2.836,32.1,18.9,0.421,25.7,69.5,64708.90244651259,1.79,62.2,27.3,208.0,40.7,26.4,7.8,-67.57252093841743,117.74,124.663,158.0,2230.0,21.5
Brazil,8755.0,90.3,7.8,27.4,1.4,0.765,6.92,16.0,0.87,0.9,0.0036,0.001,0.0059,11.0,12.0,3625.0,0.38,0.539,1531.0,6.4,1.648,32.8,22.1,0.764,33.2,51.9,12113.0,0.75,75.9,82.4,357.0,74.3,30.0,6.2,10.0,149.28,287.145,46829.0,3120.0,24.95
Bulgaria,9703.0,78.84,12.7,1.3,4.619777113482403,0.816,6.71,28.57886204030146,0.34,0.85,0.134,0.001,0.00013,6.7,14.0,4596.0,0.63,0.4039999999999999,1634.0,6.5,1.58,49.6,25.0,0.637,43.7,69.0,140.0,-0.67,75.1,69.4,109.0,97.5,26.9,4.1,-21.81493209509665,155.71,469.538,10068.0,2760.0,10.55
Burkina Faso,787.0,117.08858000399891,8.2,1.3,3.5391706693876843,0.452,3.73,32.193378633427386,0.88,0.22,0.632,0.001,0.016139141676793756,87.5,11.067077775071509,710.0,0.26,0.353,112.0,14.4,5.109,29.9,5.6,0.154,17.9,59.4,47983.29370365614,2.87,62.7,11.2,37.0,8.4,17.9,4.2,335.0,29.79,12.759,12.0,2690.0,28.29
Burundi,260.0,45.60057918154598,7.5,6.1,3.4926556042711163,0.433,2.14,23.836122242106825,0.98,0.75,0.1,0.14727852549311576,-0.0018628270662225388,56.5,15.0,-677.9026275966571,0.26,0.386,66.0,12.1,5.321,20.6,5.4,0.054,17.7,48.9,73074.98195349972,3.15,63.8,3.5,96.0,24.9,20.3,4.8,117.01369445759047,4.6,1.995,-43052.80376076742,1680.0,19.8
Cambodia,1644.0,52.86052981868352,6.7,1.8,4.437425011148726,0.594,3.1,64.30042364649856,0.96,0.01,0.02,0.979,-0.022299837735653916,26.6,14.0,1469.6213049949693,0.57,0.4088350685217569,261.0,5.5,2.478,44.4,3.9,0.335,26.4,57.8,134746.534901906,1.49,70.1,13.9,220.0,53.1,21.0,1.9,13.4089516771391,3.47,8.985,-20231.406051442813,2180.0,26.8
Cameroon,1534.0,60.77045148913487,8.9,1.4,3.8624279960197017,0.563,2.77,34.289025325529906,0.96,0.7070000000000001,0.3,0.001,0.04204569489880161,74.8,11.848159457057369,743.0,0.24,0.466,134.0,15.9,4.506,10.2,11.4,0.221,18.5,52.4,3983.0,2.56,62.4,14.4,124.0,26.1,19.0,3.1,389.0,15.27,34.739,-12989.442902659917,2240.0,24.6
Canada,46550.0,167.61,8.9,1.8,1.4,0.929,9.24,59.0,0.42,0.6114999999999999,0.032,0.008,0.025,4.9,12.0,21477.0,1.43,0.3379999999999999,5200.0,10.3,1.468,37.9,29.4,0.916,41.8,77.7,100931.0,0.9,82.2,108.1,104.0,120.11530015892691,29.6,5.5,10.0,187.77,1617.497,14625.0,3530.0,-5.35
Central African Republic,468.0,150.68132731306957,3.3,20.1,12.248092696231053,0.397,1.32,3.7071540226558852,0.94,0.8,0.15,-0.016589442525681813,0.019970189317775944,110.1,10.345139636608993,777.0,0.39,0.562,97.0,23.0,4.645,22.542364759816905,7.5,0.043,20.0,49.1,-92185.02663007614,1.58,53.1,28.0,16.0,35.7,17.4,1.2,1421.0,13.53,4.286,6012.72679872244,1960.0,24.9
Chad,707.0,105.70011313294629,1.5,4.494815956793488,1.2605275946337309,0.398,1.55,33.319178300258216,0.95,0.35,0.58,0.001,0.032292504039956205,113.8,10.711559012102173,1229.0,0.18,0.433,79.0,13.2,5.649,15.4,6.1,0.063,16.1,49.9,7393.0,3.01,59.6,14.3,59.0,7.0,16.0,2.9,209.0,20.63,0.969,-18993.925932943435,2010.0,26.55
Chile,14896.0,176.48,9.3,4.4,2.958386881616115,0.851,8.28,27.0,0.7,0.68,0.001,0.001,0.0012,7.0,14.0,5753.0,0.82,0.444,2306.0,8.0,1.627,53.4,28.0,0.794,35.5,75.4,247.0,0.78,80.7,66.4,210.0,89.9,32.6,5.4,7.4,116.11,380.263,5641.0,2960.0,8.45
China,10004.0,172.95,7.2,0.5,1.7,0.761,2.27,35.8,0.5038395084327348,0.03,0.01725,0.182,0.0001899999999999,7.9,12.0,1945.0,0.29,0.385,935.0,6.7,1.696,29.2,6.2,0.708,38.4,58.4,2836.0,0.39,77.4,52.4,121.0,73.9,24.9,4.0,18.0,32.66,370.023,208418.0,2990.0,6.95
Colombia,6432.0,53.73,5.8,25.3,10.13614753000096,0.767,7.04,27.0,0.83,0.92,0.002,0.001,0.00013,13.8,14.0,4022.0,0.57,0.504,1155.0,3.7,1.789,16.8,22.3,0.615,31.2,67.3,18452.0,0.81,79.3,33.9,194.0,81.4,22.3,4.5,971.0,108.47,144.882,17066.0,2690.0,24.5
Comoros,1370.0,57.20061143644864,0.9,-5.249556912303312,0.7692866363198031,0.554,3.09,22.71200946059392,0.97,0.021,0.983,0.03154000951898084,-0.02942968951568148,62.9,13.286905917708145,1502.0,0.21,0.4529999999999999,134.0,8.5,4.138,43.7,7.8,0.083,20.9,55.4,20789.554420241686,2.24,67.4,7.6,27.0,12.8,20.4,2.5,-9.544022400377287,11.15,3.604,-5718.658685329916,1840.0,25.55
Democratic Republic of the Congo,545.0,136.84083294466313,2.6,10.250348665516618,7.293813533549081,0.48,1.13,18.61883643078579,0.94,0.92,0.1,0.001,6.300000000000001e-06,84.8,14.0,265.0,0.13,0.421,31.0,12.4,5.819,10.807482238728305,6.7,0.083,16.7,50.3,254.0,3.22,62.4,4.8,29.0,48.0,19.0,1.5,595.0,41.83231023311805,1.772,64.0,2487.289300312053,24.0
Costa Rica,12238.0,47.93,4.8,11.3,3.7195156632986586,0.81,8.16,28.0,0.79,0.82,0.001,0.001,0.00016,8.6,12.0,6496.0,0.43,0.48,1337.0,7.6,1.737,18.2,25.7,0.7020000000000001,32.6,65.3,6551.7893035325615,0.96,80.8,40.4,374.0,90.4,25.7,7.4,6.6,183.28,101.411,2158.0,2820.0,24.8
Croatia,14627.0,57.3,8.9,0.6,3.189107663116767,0.851,6.5,18.104860945563786,0.7,0.901,0.015,0.001,0.0001099999999999,4.8,14.0,6795.0,0.89,0.304,1876.0,11.0,1.47,34.9,24.4,0.6759999999999999,43.9,61.4,3223.0,-0.58,78.6,49.9,84.0,97.1,28.1,4.6,7.0,231.02,1029.014,-12411.060376642854,2990.0,10.9
Cuba,9296.0,72.01735380585501,6.1,5.0,1.5042835911783474,0.783,2.84,46.75283563404392,0.34,0.65,0.001,0.001,3.2e-05,5.1,16.0,1050.0,0.34,0.41256711200068363,2519.0,10.2,1.602,47.5,24.6,0.497,42.1,27.8,4357.0,0.06,77.8,32.2,510.0,99.2,21.3,12.9,0.0,99.94,85.464,992.0,3420.0,25.2
Cyprus,28285.0,50.46,10.8,1.3,-14.75149226687757,0.887,7.56,68.37406051973002,0.75,0.79,0.253,0.002,6.300000000000001e-06,2.3,14.0,12203.949380185335,8.49,0.314,2625.0,3.2,1.321,42.5,21.8,0.8009999999999999,37.9,68.1,-28546.16794479335,0.78,83.1,131.3,86.0,93.8,29.0,6.4,118.57955252481719,113.31,1063.989,930.0,3190.0,18.45
Czech Republic,23452.0,85.89,14.4,0.6,2.312741303042423,0.9,7.67,31.0,0.21,0.34,0.0015,0.001,0.00025,3.2,15.0,7918.0,0.76,0.249,3041.0,9.5,1.71,34.8,26.0,0.784,43.3,73.7,220.0,0.06,79.1,77.3,179.0,83.02632681535113,29.8,5.6,22.0,195.2,1460.479,17330.0,3280.0,7.55
Denmark,60657.0,210.71,10.4,1.0,3.7056259474901614,0.94,9.15,44.0,0.19,0.79,0.054,0.002,0.00041,3.8,15.0,23527.0876586505,1.58,0.287,5794.0,7.6,1.7,37.6,19.7,0.94,42.0,76.7,24369.0,0.38,81.3,145.9,68.0,94.78472697553227,32.0,7.6,11.0,277.3,2430.232,13096.0,3410.0,7.5
Dominican Republic,8282.0,-0.14284983166407983,6.9,10.0,4.231756538472425,0.756,6.32,19.08205056880027,0.87,0.83,0.001,0.001,6.300000000000001e-06,28.0,9.925855118331862,2915.0,0.36,0.437,1018.0,5.1,2.323,18.9,27.8,0.6579999999999999,27.9,61.0,105911.73929378187,1.07,72.8,37.8,243.0,79.8,21.0,4.3,89.03332397548712,73.75,4.611,1866.0,2270.0,24.55
Ecuador,6184.0,35.183887700746254,4.4,5.8,0.0678127548132228,0.759,6.13,43.656605208805615,0.82,0.94,0.001,0.001,3.8e-05,14.0,12.0,5200.0,0.57,0.4539999999999999,955.0,7.7,2.403,30.508265442350947,19.9,0.557,28.8,46.9,33470.0,1.42,78.4,45.0,224.0,77.7,21.8,5.0,80.58704787094308,139.6,125.378,2854.0,2300.0,21.85
Egypt,3161.0,39.66,0.4,2.6,10.477656279568738,0.707,2.93,-4.006656887653634,0.97,0.1,0.9235,0.001,6.300000000000001e-06,20.3,12.0,4826.000103339717,0.34,0.315,614.0,3.4,3.28,21.5,32.0,0.556,24.1,52.5,6860.0,1.87,71.8,22.5,116.0,43.2,25.0,3.8,1200.0,59.46,135.405,12000.0,3160.0,22.1
El Salvador,4187.0,17.665407526429817,3.7,52.0,11.555380962946705,0.673,5.9,23.49157413358398,0.6348191783344437,0.8190000000000001,0.0028,0.001,6.300000000000001e-06,13.3,12.0,3650.0,0.56,0.386,592.0,6.1,2.021,19.1,24.6,0.31,27.7,61.8,-120846.35458089787,0.52,75.0,21.4,572.0,65.7,22.5,3.8,29.195482610560816,124.34,7.009,661.0,2580.0,24.45
Estonia,23740.0,78.58,11.6,2.1,6.02542616879864,0.892,7.84,41.0,0.16,0.45,0.001,0.001,0.00012,2.4,14.0,7626.0,0.89,0.304,2428.0,12.0,1.66,41.1,21.2,0.872,43.7,76.6,-14223.580703308144,-0.23,78.9,67.4,173.0,99.7,29.0,5.2,15.2,284.85,1069.604,3916.0,3140.0,5.1
Ethiopia,828.0,125.32869307318367,2.8,8.8,4.109193863882175,0.485,3.38,24.86072318962667,0.9565733531216813,0.75,0.313,0.001,6.300000000000001e-06,50.7,9.0,-1063.847548056383,0.32,0.35,67.0,9.5,4.146,6.8,4.5,0.179,19.8,53.6,-21903.013396698785,2.43,68.7,7.9,99.0,13.6,17.4,4.7,234.0,44.14,18.256,240.0,1950.0,22.2
Fiji,6185.0,67.15652059561728,3.0,11.950840764494025,5.661901233879364,0.743,5.72,-0.47052491674051566,0.8068716794414992,0.644,0.063,0.001,0.06265751955124244,25.7,10.0,3096.0,0.18,0.367,372.0,9.5,2.754,32.7,30.2,0.512,29.9,62.2,-17443.456693145716,0.72,68.0,39.1,274.0,59.60807208171266,27.7,3.9,-90.9276640026223,40.2,158.464,401.0,3000.0,24.4
Finland,48678.0,119.32,10.7,1.6,9.238331724871871,0.938,9.2,41.0,0.28,0.698,0.018,0.001,8.2e-05,2.4,15.0,19066.788348588478,2.23,0.2739999999999999,4457.0,13.4,1.35,29.1,22.2,0.875,42.8,74.9,78739.5840181993,0.36,81.6,67.4,53.0,100.25411174190947,31.2,6.9,8.8,430.76,1919.213,9368.0,3220.0,1.7
France,40319.0,192.25,12.6,1.2,2.1,0.901,7.99,45.0,0.3,0.605,0.088,0.005,0.0289999999999999,4.5,13.0,21786.0,2.3,0.316,5250.0,9.7,1.87,34.6,21.6,0.915,41.7,63.8,253.0,0.39,82.5,101.1,93.0,98.67343885288508,30.8,5.4,45.0,241.31,1020.949,106799.0,3530.0,10.7
Gabon,7773.0,71.80250397110694,11.5,7.541109291476282,-0.46169076407984244,0.703,3.54,36.28116544063158,0.766466263390404,0.88,0.1,0.0037577526782255344,0.0194257972445665,42.5,12.99484637513399,3072.0,0.35,0.38,491.0,13.1,3.922,23.37370831955898,15.0,0.491,21.0,56.3,106528.0,2.17,66.5,46.0,241.0,60.6,20.4,2.7,111.79814556353409,30.16,30.199,11882.183130908903,2710.0,25.05
Georgia,4439.0,158.80103081677908,9.8,2.2,12.473982921930334,0.812,5.31,19.71760680229849,0.81,0.8859999999999999,0.107,0.02133178074372341,9.5e-05,9.6,14.0,106.0,1.28,0.364,796.0,7.7,2.055,34.4,21.7,0.861,38.6,75.9,102.0,-0.27,73.3,26.0,245.0,99.1,26.6,3.8,760.0,149.26,137.399,581.0,2730.0,5.8
Germany,46232.0,120.93,13.4,0.9,1.4,0.947,8.67,30.0,0.4,0.55,0.0655,0.003,0.0074,3.8,14.0,22214.0,1.65,0.319,6098.0,8.3,1.54,33.6,22.3,0.936,47.8,73.5,571.0,0.2,81.7,82.1,69.0,106.07741037017087,30.9,4.8,81.9,258.7,1255.901,79916.0,3540.0,8.4
Ghana,2203.0,51.93,2.7,2.1,0.7971481587703401,0.611,6.5,6.214102099389152,0.95,0.7120000000000001,0.176,0.001,0.0678371662711118,46.2,12.54714511088517,482.0,0.3,0.435,168.0,10.5,3.816,6.5,10.9,0.1369999999999999,21.4,57.5,3564.0,2.16,66.3,9.9,43.0,34.9,21.7,3.6,32.9,9.08,45.237,28.0,2900.0,27.2
Greece,19604.0,36.73,10.4,0.9,1.9339146475224593,0.888,7.39,40.0,0.71,0.93,0.0385,0.001,0.00027,3.8,15.0,10389.0,2.98,0.344,2340.0,3.6,1.35,50.2,24.9,0.753,45.3,57.7,285.0,-0.21,81.1,78.7,107.0,92.5,29.9,4.1,37.1,255.26,1036.566,6826.0,3710.0,15.4
Guatemala,4363.0,42.177150446452174,2.4,22.5,2.892549441623183,0.663,4.97,14.98198619918557,0.88,0.87,0.001,0.001,5.7e-05,24.5,12.14782242294798,3941.0,0.28,0.483,483.0,6.2,2.822,25.80764088389533,21.2,0.3989999999999999,23.2,62.6,544.0,1.94,72.0,23.8,139.0,50.7,21.3,2.8,315.0,46.6,5.798,1042.0,2150.0,23.45
Guinea,967.0,65.91006017221366,1.3,4.311333240593555,1.2318485389931253,0.477,3.08,25.520711924635094,0.97,0.089,0.8909999999999999,0.001,0.010226713140576882,98.8,10.0,1579.6878422033988,0.2,0.337,109.0,12.3,4.625,20.255746817496735,7.7,0.1169999999999999,19.1,55.7,61605.67498993058,2.57,61.0,6.5,28.0,13.1,16.5,2.2,-53.0541578738671,20.62,2.255,-14341.102743121766,2550.0,25.7
Guinea Bissau,688.0,-3.6555309011106374,4.8,1.1,1.1662926590161193,0.48,2.63,18.24445321386031,0.8790641548410223,0.1,0.451,0.09732256145564222,0.02998627344770799,78.5,16.0,390.0,0.94,0.507,123.0,12.4,4.402,28.6408668529357,9.5,0.039,18.0,54.0,53752.082284430704,2.44,60.2,13.0,10.0,19.5,20.9,2.1,63.52851913276186,19.88,8.003,-36303.64624046025,2270.0,26.75
Guyana,6610.0,45.37,6.3,14.2,3.4636528802585156,0.682,6.01,52.60713190943298,0.6293922830907536,0.64,0.073,0.001,0.07925354937031248,29.3,10.096368762427206,2015.0,0.36,0.446,513.0,40.9,2.44,26.9,20.2,0.373,27.5,56.8,33692.780590073606,0.57,65.7,31.8,239.0,49.9,21.5,6.3,-66.9090511975179,141.68,17.972,42.0,2740.0,26.0
Haiti,715.0,35.529230234610736,5.8,6.7,-1.3672386054061096,0.51,4.22,-0.7409843332411867,0.85,0.96,0.001,0.001,-0.026159917223687823,62.8,13.141995297622168,1075.0,0.24,0.411,144.0,11.2,2.887,12.4,22.7,0.122,24.1,52.7,61248.77914027959,1.2,64.1,15.3,97.0,8.5,23.7,2.5,34.0,18.98,2.607,-17946.940882638875,1850.0,24.9
Honduras,2575.0,112.0985493392576,4.0,38.9,13.629831672676133,0.634,5.36,-5.971030359480267,0.7705597469115955,0.88,0.003,0.001,-0.07023959654492062,16.8,11.927627505363239,2372.0,0.38,0.521,362.0,2.6,2.427,29.95723163592541,21.4,0.311,24.4,60.2,-83179.69172531465,1.63,71.9,24.7,237.0,66.3,21.2,6.0,1235.0,91.33,4.694,102.0,2610.0,23.5
Hungary,16879.0,193.8,11.4,2.5,2.5987503683654216,0.854,6.56,32.0,0.39,0.58935,0.005,0.001,0.003,3.7,12.0,6647.0,1.6,0.306,2115.0,11.8,1.49,40.0,26.4,0.769,43.6,65.0,1426.0,-0.34,76.4,100.7,169.0,99.1,29.3,4.7,10.0,159.05,690.291,11645.0,3470.0,9.75
Iceland,71345.0,169.75931591090227,9.1,0.9,7.098903696053558,0.949,9.37,40.0,0.3980069767987734,0.7509999999999999,0.002,0.004,0.0751440625183371,2.0,15.0,21016.287084372492,0.81,0.268,5113.0,11.2,1.75,30.3,21.9,0.978,37.1,77.1,280340.4901516958,0.77,82.3,84.8,33.0,89.83242783821831,32.7,7.5,10.3,225.82,2022.494,1767.0,3260.0,1.75
India,2116.0,55.76,5.7,3.1,2.9,0.645,6.61,4.924456247814021,0.9,0.023,0.146,0.008,0.0003,34.3,7.0,709.0,0.2019999999999999,0.3779999999999999,275.0,12.9,2.202,48.9,3.9,0.616,28.7,55.2,554.0,1.1,70.8,5.2,35.0,45.4,22.2,3.1,15.0,84.5,100.387,90000.0,2360.0,23.65
Indonesia,4136.0,48.04268937312463,0.8,0.4,1.0903297793847488,0.718,6.3,11.0,0.99,0.1072,0.867,0.008,6.300000000000001e-06,23.9,8.0,2477.0,0.37,0.39,375.0,2.6,2.288,41.8,6.9,0.7929999999999999,31.1,65.8,3192.0,1.05,71.3,8.3,93.0,70.1,19.0,3.6,136.0,14.82,100.676,135081.0,2550.0,25.85
Iran,7282.0,34.894986437281204,1.0,2.5,-1.3773154348428753,0.783,2.2,46.91561717271131,0.73,0.004,0.994,0.001,0.00053,13.9,12.0,1275.0,0.02,0.408,1691.0,5.1,2.146,21.4,25.8,0.955,31.7,51.1,49714.0,1.04,77.3,23.1,228.0,36.8,23.8,4.0,1.9,46.69,590.537,102691.0,3050.0,17.25
Iraq,5730.0,65.29994817319573,0.4,10.1,0.30500841484714736,0.674,3.62,15.456029988957027,0.84,0.03,0.957,0.001,-0.04232406518544518,25.9,9.0,2538.0,0.44,0.295,716.0,4.7,3.597,28.0,30.4,0.492,21.2,59.23383852849702,119664.0,2.78,72.4,38.328231652490246,126.0,20.4,25.3,3.5,304.0,22.18,158.013,3392.86153438317,2919.724079866581,21.4
Ireland,81637.0,112.81,13.0,0.9,6.399271047155237,0.955,9.05,52.0,0.54,0.838,0.0139999999999999,0.002,0.00016,3.3,10.0,23395.0,7.01,0.3279999999999999,5897.0,8.9,1.7,35.5,25.3,0.835,37.8,80.5,316540.7515768337,0.78,81.8,106.3,74.0,103.5757524837627,34.8,3.7,16.0,291.86,1488.786,56262.59049041919,3590.0,9.3
Israel,46376.0,147.36,3.8,1.5,5.6,0.919,7.84,46.0,0.51,0.035,0.18,0.003,0.4,3.7,12.0,17842.0,0.33,0.39,3207.0,5.2,3.01,31.3,26.1,0.81,30.4,72.8,47.0,1.55,82.6,97.1,234.0,79.8,25.0,5.8,29.0,193.6,1459.76,8411.0,3530.0,19.2
Italy,33090.0,90.93,7.5,0.6,1.6,0.892,7.74,25.0,0.72,0.83,0.048,0.002,0.0017,3.1,14.0,11830.048690046748,1.41,0.359,3624.0,4.3,1.27,26.4,19.9,0.8340000000000001,46.5,62.2,1189.0,-0.13,83.0,90.4,89.0,96.7,31.3,3.8,8.4,246.88,1175.048,61966.0,3650.0,13.45
Jamaica,5369.0,37.95,4.2,43.9,16.010982964769266,0.734,7.13,-22.996026703320666,0.7,0.653,0.002,0.001,1.3e-05,13.9,11.880987137820336,2730.0,1.22,0.455,559.0,2.3,1.965,19.3,24.7,0.48,29.4,68.6,-44943.82750584323,0.29,76.0,56.8,137.0,66.6,33.2,5.4,26.656911670186332,91.13,55.88,-9873.750766757548,2840.0,24.95
Japan,40063.0,167.18,8.0,0.3,1.0,0.919,8.13,60.0,0.24,0.023,0.001,0.362,6.3e-05,2.5,14.0,15646.0,0.96,0.3289999999999999,4504.0,12.2,1.36,33.3,4.3,0.915,48.6,72.1,30.0,-0.23,84.3,45.9,38.0,104.76631439887674,29.3,3.6,0.3,72.06,776.661,139078.0,2800.0,11.15
Jordan,4405.0,67.35,0.7,1.4,-1.1158405667026123,0.729,3.62,2.605724823357207,0.96,0.06,0.972,0.004,-0.009265934414847465,15.6,11.396735646400627,5408.0,0.83,0.337,738.0,2.0,2.691,31.48035086813745,35.5,0.65,23.5,66.5,153826.49841047273,2.17,77.9,29.8,198.0,87.7,23.8,3.6,0.0,77.68,263.614,511.0,3000.0,18.3
Kazakhstan,9793.0,56.12,7.7,5.1,5.744838406517848,0.825,3.14,47.56110794948697,0.53,0.262,0.7020000000000001,0.002,0.00016,10.5,14.0,887.0,0.91,0.275,784.0,18.1,2.9,33.2,21.0,0.759,31.6,65.4,88686.0,1.13,74.0,44.8,157.0,99.5,24.3,2.8,0.6,288.12,129.206,1226.0,3510.0,6.4
Kenya,1817.0,68.21230473218418,3.4,4.9,3.287105101227996,0.601,5.05,-3.3904301691870273,0.94,0.851,0.1119999999999999,0.001,1.9e-05,43.2,8.0,755.0,0.26,0.408,179.0,11.0,3.423,18.7,7.1,0.172,20.0,55.1,29399.511839975392,2.49,66.1,14.3,81.0,54.0,20.2,5.2,73.3,94.86,24.264,300.0,2030.0,24.75
Kuwait,31999.0,130.66,0.0,1.8,7.84349648459896,0.806,3.8,-0.08610568609148572,0.91,0.15,0.746,0.0279999999999999,-0.12632480670935042,7.9,7.0,2372.0,0.51,0.32961585841628493,3669.0,2.7,2.077,26.3,37.9,0.98,29.7,60.8,721575.0,1.78,81.0,60.2,117.0,69.5,27.5,3.8,515.6563994627297,157.66,242.67,196.0,3030.0,25.35
Kyrgyzstan,1318.0,48.12,6.2,2.2,7.906074464435841,0.697,4.21,23.395001607201323,0.72,0.142,0.85,0.001,2.5e-05,18.3,14.0,196.0,1.12,0.2769999999999999,260.0,8.3,3.3,31.7,16.6,0.366,27.3,57.485359763188725,169.0,1.44,74.2,39.0,161.0,92.5,21.8,6.1,32.02043384837208,210.92,21.732,1455.0,2660.0,1.55
Laos,2625.0,43.98,10.4,-7.099618890783653,5.115465159394118,0.613,1.77,37.55359639799423,0.97,0.022,0.001,0.6609999999999999,-0.004445184997476259,45.5,15.0,1869.0,0.53,0.364,167.0,6.0,2.626,61.1,5.3,0.248,24.0,57.4,138092.06055089523,1.45,68.5,15.0,130.0,58.6,20.5,2.9,82.27074445220347,2.92,12.32,88.0,2240.0,22.8
Latvia,17885.0,128.69,12.9,4.4,5.103179626897381,0.866,7.24,40.0,0.39,0.75,0.0015,0.001,0.00029,3.6,14.0,6853.0,1.26,0.356,1896.0,16.1,1.61,40.5,23.6,0.8220000000000001,44.4,70.4,-55011.98064869272,-1.03,75.4,45.7,175.0,99.9,28.2,4.7,35.3,174.11,735.302,2910.0,2990.0,5.6
Lebanon,7784.0,47.024768403522216,1.5,2.5,2.00695461710945,0.744,4.16,9.366375441996752,0.87,0.395,0.5770000000000001,0.002,-0.009802546047725569,7.2,12.97984404772887,5212.0,0.63,0.318,1086.0,2.8,2.075,44.1,32.0,0.693,33.7,51.1,25624.007410557482,0.57,76.4,63.1,205.0,60.2,28.8,2.5,24.74051606147242,114.52,258.914,3686.0,3090.0,16.4
Lesotho,1158.0,73.7869318587675,5.0,43.6,-8.99676307792276,0.527,6.3,91.0378061935481,0.5658062796791399,0.9,0.001,0.001,0.07616860739290915,86.4,6.818349962110945,978.0,0.53,0.449,309.0,87.5,3.108,23.5,16.6,0.316,24.7,53.1,40523.60696237545,1.31,50.7,15.4,92.0,51.4,20.9,6.5,-78.00735066235762,25.35,9.012,-57291.9525924613,2460.0,11.85
Liberia,523.0,-76.45008631241603,5.8,3.3,12.988055420625583,0.48,5.32,-23.041990889697757,0.94,0.855,0.2,0.001,0.10541553656164643,84.6,-4.1739892166468255,774.0,0.51,0.353,12643.0,7.4,4.247,14.2,9.9,0.078,18.0,49.7,-11890.914079526563,2.52,64.1,7.9,54.0,32.8,18.9,2.3,-642.4114367355068,3.04,5.188,236661.97064390915,2200.0,25.3
Libya,4810.0,117.45450486635082,0.0,-2.5880136915298095,2.379894203876909,0.724,1.95,-18.05597319497312,0.8628722135039135,0.027,0.97,0.003,-0.08247582296918343,11.5,14.0,3863.0,0.09,0.34496832455292725,-212.69243174357234,4.5,2.206,36.22201047369032,32.5,0.208,25.8,54.31145541795571,159383.0,1.33,75.8,28.6,139.0,24.2,29.2,2.3,405.0,75.0,24.257,26.0,3150.0,21.8
Lithuania,19795.0,132.67,15.0,4.6,8.092632657919884,0.882,7.13,55.0,0.42,0.8370000000000001,0.001,0.001,0.00015,3.7,14.0,8054.0,0.74,0.373,2313.0,20.2,1.61,36.3,26.3,0.8009999999999999,44.5,74.2,689.0,-0.55,76.0,49.5,216.0,99.8,27.3,4.0,14.1,295.46,809.278,3075.0,3430.0,6.2
Luxembourg,115481.0,154.26,13.0,0.3,9.110859761156403,0.916,8.68,50.0,0.39,0.7240000000000001,0.023,0.001,3.8e-05,2.8,18.0,28438.0,0.221,0.349,6048.0,8.6,1.34,29.5,22.6,0.945,39.5,75.9,782577.6166032547,1.27,82.4,141.7,83.0,101.18679575908405,31.1,4.0,37.5,255.3,1438.158,2000.0,3680.0,8.65
Madagascar,523.0,41.4,1.9,2.745164739899664,-2.0584314703465854,0.528,5.7,23.71834107663551,0.93,0.85,0.1,0.001,6.300000000000001e-06,50.6,10.564598010489943,397.0,0.41,0.426,79.0,9.2,4.026,44.0,5.3,0.095,20.3,56.6,4472.610733478381,2.67,65.3,17.6,102.0,49.4,18.4,2.8,-134.2792828651091,24.84,4.836,119.0,2130.0,22.65
Malawi,435.0,25.42226795169347,3.7,1.8,0.6580162177652136,0.483,5.74,16.36892942568369,0.99,0.8195,0.2,0.001,0.012635968399853481,41.6,12.523791020157036,288.0,0.39,0.447,120.0,10.6,4.127,25.8,5.8,0.141,16.8,51.4,5555.3545244534835,2.87,65.6,5.1,71.0,35.1,17.9,4.0,108.19807392956528,7.98,12.732,117.0,2150.0,21.9
Malaysia,11414.0,103.34,0.9,2.1,2.864785841488593,0.81,7.19,29.784510824307915,0.96,0.092,0.613,0.198,0.024747145577216356,8.6,10.0,2663.0,0.68,0.41,1194.0,5.8,1.983,28.9,15.6,0.804,29.2,74.0,21202.0,1.35,74.7,50.9,212.0,47.1,25.7,4.7,-50.42426941664297,25.28,750.475,15354.0,2890.0,25.4
Mali,887.0,129.3943194853291,1.3,3.694328583260713,2.520926677396904,0.434,3.93,18.105120666391855,0.95,0.024,0.95,0.001,0.02141693133587952,94.0,10.703496305937017,583.0,0.26,0.33,90.0,8.0,5.785,13.0,8.6,0.124,16.1,58.1,-6426.597789804662,2.99,62.8,19.0,33.0,13.6,16.7,3.1,164.0,98.68,4.718,14.0,2590.0,28.25
Malta,33752.0,134.48,8.1,1.6,-3.6994672049317336,0.895,7.68,57.520647629981255,0.86,0.916,0.026,0.001,6.300000000000001e-06,7.0,9.564276960213077,10668.0,6.91,0.292,3897.0,5.3,1.1,33.9,28.9,0.785,42.3,68.6,125829.2107484909,0.31,81.9,86.9,153.0,85.8,29.2,5.3,-14.685639822472297,190.06,960.733,404.0,3600.0,19.2
Mauritania,1678.0,101.95292717364555,0.0,9.249175753082362,3.239841968525601,0.546,3.92,21.087307607713683,0.98,0.0014,0.999,0.029701897334115684,-0.022921933881773437,72.9,7.0,981.0,0.76,0.326,190.0,5.5,4.503,21.902614495889857,12.7,0.209,21.0,55.7,25832.745975304562,2.69,68.4,29.9,53.0,26.6,19.0,2.6,-38.54606364769978,160.82,4.542,11077.406626276133,2810.0,27.65
Mauritius,11169.0,59.445983342316254,3.6,2.9,-21.875669684494994,0.804,8.14,95.81621182354135,0.9690081197780094,0.322,0.173,0.001,-0.01330977606507655,16.0,9.414170759205037,2983.0,20.07,0.368,1381.0,8.8,1.4,35.9,10.8,0.555,36.3,73.0,-387348.835484809,0.23,74.1,39.6,218.0,64.6,25.4,4.8,303.4826698941644,117.27,106.789,80.0,2930.0,22.4
Mexico,9849.0,48.35,6.5,29.1,-0.01681110386602447,0.779,6.07,21.0,0.73,0.889,0.0001,0.001,0.0025,14.2,12.0,3266.0,0.43,0.4539999999999999,1066.0,5.3,2.103,24.1,28.9,0.69,29.3,64.7,17142.0,1.23,76.0,58.6,166.0,78.9,26.0,4.9,35.4,111.87,129.534,7521.0,3260.0,21.0
Moldova,2957.0,114.01,15.2,4.1,7.417786314122274,0.75,5.78,9.9473929254072,0.72,0.953,0.004,0.04322422215621946,0.00012,14.4,14.0,1895.0,0.7,0.257,480.0,12.2,1.269,24.5,18.9,0.6845018450338631,37.7,59.1,84347.46943218305,-0.24,73.3,22.7,182.0,95.8,25.8,6.7,250.40058601547656,155.18,51.827,-15833.600913358758,2850.0,9.45
Mongolia,4295.0,43.67,7.4,6.2,-8.41552676491036,0.737,6.48,50.10766215257277,0.5628273936292773,0.013,0.05,0.551,-0.039101240586359665,15.6,14.0,1892.0,2.45,0.327,519.0,18.0,2.867,38.5,20.6,0.23,29.8,55.4,7739.0,1.5,68.1,108.8,154.0,94.6,26.0,4.1,-202.41850603098763,139.82,44.476,285.0,2240.0,-0.7
Montenegro,8825.0,64.44,8.0,2.2,7.883506295635421,0.829,5.77,32.30415216004664,0.71,0.7879999999999999,0.191,0.001,-0.015847343064828157,2.3,14.0,2645.0,1.51,0.39,1711.0,16.2,1.748,32.28152789794028,23.3,0.804,39.6,60.5,44012.701577514476,0.04,75.9,46.76847589409637,172.0,93.9,28.6,5.071377263405278,16.15028713073309,349.21,398.21,-6542.638850239884,2700.0,10.55
Morocco,3282.0,86.31778329105316,0.6,1.4,4.171326727063686,0.686,5.04,15.594617121430446,0.97,0.01,0.99,0.001,0.00013,21.4,12.0,3736.0,0.46,0.395,467.0,7.3,2.382,23.4,26.1,0.613,29.1,62.9,4.0,1.26,73.0,20.6,238.0,34.1,25.5,5.4,60.006356591702,54.68,140.359,3677.0,3260.0,17.1
Mozambique,504.0,21.188167657354484,2.4,3.5,2.4233128357805405,0.456,3.51,37.1392693545109,0.86,0.561,0.179,0.001,0.02632989971680133,74.2,16.0,576.0,0.72,0.54,118.0,23.2,4.783,27.8,7.2,0.209,17.0,48.6,58285.13538210393,2.86,58.1,5.6,63.0,26.0,17.5,6.5,246.0,4.79,4.713,-44082.031110670985,2070.0,23.8
Myanmar,1421.0,133.08392666197813,4.8,2.3,5.41248552116963,0.583,3.04,44.08060530111399,0.97,0.062,0.043,0.899,-0.016507259249700423,44.7,7.0,672.0,0.17,0.307,292.0,3.0,2.138,63.3,7.708473536759438,0.305,29.2,53.6,284.0,0.9,69.1,10.7,171.0,58.2,20.5,2.2,93.7,31.48,4.301,3660.0,1923.1737975152337,13.05
Namibia,4957.0,77.67020699442844,9.8,17.7,8.351847876977654,0.646,6.52,0.7610003858403047,0.92,0.9,0.004,0.001,6.300000000000001e-06,42.4,13.514320904233946,2232.5137459239522,0.64,0.591,883.0,13.5,3.344,27.0,17.2,0.381,21.8,58.7,18266.67300594184,2.12,64.6,34.0,295.0,56.7,29.2,8.4,81.45232364941063,73.05,63.718,106.0,2360.0,19.95
Nepal,1074.0,66.72607860160895,2.0,2.3,3.7136871632318207,0.602,5.22,26.56814300975128,0.93,0.009,0.042,0.103,0.03526805557776058,30.8,10.0,1430.0,0.16,0.3279999999999999,180.0,9.8,1.876,64.2,4.1,0.359,25.3,53.8,-54511.96247416398,1.09,70.9,10.0,86.0,20.8,17.9,5.2,1.9263370647809097,52.1,28.189,50918.473476145744,2340.0,8.1
Netherlands,53053.0,152.94,8.7,0.6,6.263419078182535,0.944,8.96,45.0,0.33,0.4039999999999999,0.051,0.002,0.0019,4.0,12.0,23315.0,4.53,0.285,5635.0,9.3,1.57,32.2,20.4,0.931,42.8,76.8,1070.0,0.29,81.8,89.3,63.0,93.69375977251579,30.9,5.5,21.0,341.47,1785.333,16502.0,3000.0,9.25
New Zealand,43264.0,153.88,10.7,0.7,-0.12479862616238424,0.931,9.25,39.0,0.33,0.37,0.009,0.016,0.00048,4.7,10.0,27407.0,0.9,0.3057261149150501,4024.0,10.3,1.72,29.6,30.8,0.901,37.2,84.4,7633.0,0.93,82.0,142.1,188.0,98.64551655919857,29.4,6.4,86.0,137.25,1663.247,3600.0,2810.0,10.55
Nicaragua,1913.0,39.667851797728986,5.2,7.2,4.057444646290293,0.66,3.6,32.35194867174917,0.7,0.846,0.001,0.001,-0.00463041551715726,16.6,13.0,1599.0,0.83,0.462,474.0,4.7,2.377,28.56660215921061,23.7,0.268,27.3,57.7,-792.1496511471414,1.07,75.0,14.9,332.0,49.2,20.6,4.3,56.852314209473036,85.16,6.805,27.0,2420.0,24.9
Niger,555.0,91.37342628452166,0.5,4.4,4.375459121448561,0.394,3.29,29.60167321671031,1.0,0.005,0.983,0.032727753455915165,0.026279576242685065,80.4,10.599723182409251,615.0,0.36,0.3429999999999999,78.0,10.1,6.824,7.9,5.5,0.098,14.8,51.6,631.0,3.81,63.3,11.2,47.0,13.7,15.7,3.5,42.524930738938906,58.92,2.451,5751.517175291454,2390.0,27.15
Nigeria,2361.0,183.3571828539208,13.4,34.5,14.640438567734297,0.539,4.1,30.656442080802236,0.96,0.49,0.535,0.001,6.300000000000001e-06,117.2,7.0,1108.0,0.02,0.351,233.0,6.9,5.317,7.3,8.9,0.695,18.6,57.3,10752.0,2.58,62.6,8.6,32.0,21.6,19.3,2.597460452812415,1658.0,7.91,28.6,1314.0,2710.0,26.8
North Macedonia,6093.0,37.2,8.755872814351607,1.2,3.0105644577204127,0.774,5.89,18.28907688808414,0.76,0.7070000000000001,0.3329999999999999,0.001,6.300000000000001e-06,6.1,14.0,2293.0,0.73,0.342,1073.0,7.2,1.489,35.29292596066477,22.4,0.763,39.0,71.1,38867.21743486307,0.08,74.8,35.4,105.0,80.68942588078443,26.0,3.3,51.82896209987956,157.93,236.683,1492.5536504129195,2754.9076456109347,9.8
Norway,74986.0,159.99,7.5,0.5,6.373283328451738,0.957,9.81,48.0,0.22,0.767,0.032,0.006,8.2e-05,2.4,15.0,21927.957386000755,1.81,0.27,6818.0,11.8,1.53,43.0,23.1,0.959,39.5,73.0,313661.0,0.94,82.6,61.7,49.0,93.2578214383368,31.9,8.0,7.0,261.34,2211.144,10204.0,3450.0,1.5
Oman,15343.0,57.53,0.8,0.3,-7.3238636736244445,0.813,3.0,12.57183865411082,1.0,0.065,0.86,0.008,-0.1189298124696967,11.4,9.0,10143.0,0.35,0.37756539355680924,1730.0,4.5,2.842,9.5,27.0,0.77,26.2,61.0,217178.0,4.08,73.9,49.8,45.0,41.9,24.8,6.8,15.69253138501881,152.28,177.245,7.0,2577.9926838844362,25.6
Pakistan,1187.0,94.86766419747471,0.3,3.9,11.986968780536534,0.557,4.31,5.464558366736583,0.92,0.016,0.965,0.001,-0.0638769866158646,67.2,7.0,1539.0,0.43,0.335,178.0,0.6,3.454,41.5,8.6,0.556,22.0,55.0,400.0,1.91,65.6,12.3,38.0,27.1,18.3,2.9,943.0,183.13,60.802,3811.0,2280.0,20.2
Panama,15728.0,125.25,7.9,9.4,-1.3808733138790386,0.815,7.18,61.485806697566346,0.88,0.92,0.0069999999999999,0.002,0.00063,14.9,12.0,3819.0,1.57,0.492,1857.0,2.9,2.437,16.9,22.7,0.568,30.1,67.2,107201.28842054465,1.55,79.3,54.5,420.0,80.9,21.6,4.1,-119.04353128486429,70.29,41.419,940.0,2450.0,25.4
Papua New Guinea,2845.0,67.71494923400257,1.2,14.169998605881041,1.524850279625118,0.555,6.1,-0.2928729002437649,1.0604489633838126,0.97,0.001,0.001,-0.04418113972018023,44.8,7.0,2161.0,1.11,0.419,101.0,3.6,3.52,22.481340518149757,21.3,0.107,24.0,58.4,7013.0,2.01,65.3,73.0,62.0,33.0,21.4,2.957062738889382,-3.336495995097323,51.392735226195214,7.436,122.0,2389.7607528088793,25.25
Paraguay,5406.0,56.89,7.2,7.1,-0.9834277086824901,0.728,6.18,37.78125074330433,0.92,0.96,0.001,0.001,6.3e-05,19.4,14.0,4402.0,0.54,0.462,935.0,6.2,2.405,29.8,20.3,0.598,29.7,61.8,21278.235771862695,1.25,75.8,70.3,241.0,77.8,22.7,3.4,-15.82612857085104,75.72,14.088,1007.0,2660.0,23.55
Peru,6978.0,51.81,6.3,7.9,4.171352977973372,0.777,6.53,36.42133455275729,0.84,0.87,0.001,0.002,0.00012,13.2,14.0,3344.0,0.44,0.428,767.0,2.7,2.233,33.9,19.7,0.49,29.1,67.8,1267.0,1.2,79.9,34.5,290.0,77.7,23.5,3.9,223.0,62.15,50.955,4101.0,2410.0,19.6
Philippines,3324.0,49.31,6.6,6.5,3.649674299750645,0.718,6.56,-7.013540968711055,0.96,0.85,0.08,0.001,6.300000000000001e-06,27.3,15.0,2696.0,0.27,0.444,394.0,2.5,2.526,35.3,6.4,0.685,24.1,63.8,193.0,1.51,70.4,31.1,200.0,90.1,25.3,2.7,424.0,15.66,20.975,1507.0,2580.0,25.85
Poland,15727.0,130.98,11.6,0.7,3.340224482385099,0.88,6.85,43.0,0.75,0.943,0.0002,0.001,0.00029,4.4,15.0,9408.0,0.6,0.297,2015.0,9.3,1.42,40.8,23.1,0.915,41.9,67.8,525.0,-0.17,78.3,78.1,181.0,93.0,27.0,4.6,8.0,205.39,940.44,21130.0,3410.0,7.85
Portugal,23350.0,150.39,12.3,0.8,2.181879067799082,0.864,7.9,33.0,0.72,0.843,0.004,0.006,3.8e-05,3.7,16.0,9594.0,2.03,0.3379999999999999,3242.0,7.2,1.42,25.3,20.8,0.743,44.6,65.3,-13528.891760142164,-0.39,81.6,91.1,111.0,80.5,31.0,4.9,3.0,205.04,1393.792,7868.0,3580.0,15.15
Qatar,64782.0,105.2,2.0,0.4,-2.990018642192585,0.848,3.24,29.204037723924273,0.95,0.138,0.775,0.031,-0.024476348133780523,6.5,7.0,11836.472607388325,0.83,0.3574361879691832,3166.0,4.7,1.846,15.6,35.1,0.91,33.7,72.6,500000.0,2.36,77.2,90.5,53.0,41.0,25.4,2.9,386.5409118892915,136.36019142229895,540.321,209.0,2990.2312791779677,27.15
Romania,12914.0,214.33,12.6,1.3,7.696721775151017,0.828,6.4,21.80775483971607,0.84,0.98,0.0065,0.001,0.00057,7.0,14.0,6513.0,0.58,0.36,1576.0,7.3,1.76,42.0,22.5,0.643,42.5,68.6,25469.0,-0.5,75.6,54.5,116.0,96.8,26.7,3.1,7.0,238.33,530.347,14984.0,3490.0,8.8
Russia,11606.0,87.01,11.7,8.2,4.3,0.824,3.31,58.0,0.34,0.618,0.125,0.001,0.01,5.8,14.0,2371.0,0.32,0.375,1488.0,21.6,1.504,34.2,23.1,0.851,40.3,58.9,73292.0,0.01,73.2,51.0,325.0,99.2,24.9,3.7,4.0,163.57,559.78,115171.0,3320.0,-5.1
Rwanda,820.0,130.31983191405266,9.0,2.6,3.9036609593288683,0.543,3.1,55.80257367801309,0.95,0.936,0.048,0.12175994765068221,0.08182319848883923,34.3,14.0,-2094.192946514784,0.29,0.437,170.0,9.5,3.99,20.2,5.8,0.216,19.7,71.1,-10724.430473013803,2.36,69.1,4.4,511.0,24.3,20.6,3.1,-3.3768595897932414,7.23,13.819,14777.558565568972,2090.0,17.85
Saudi Arabia,23140.0,90.24,0.2,1.3,8.4,0.854,2.08,26.0,0.93,0.05,0.982,0.003,-0.24724313155472977,6.6,12.0,9600.0,0.31,0.27337054409201916,3520.0,5.4,2.275,17.2,35.4,0.8029999999999999,30.8,60.7,324866.0,1.9,74.3,44.6,207.0,51.4,20.4,5.6,-33.77417154018093,83.65,323.356,2387.0,3120.0,24.65
Senegal,1452.0,35.32,0.7,0.3,0.6641167661794195,0.512,5.67,25.532348641887296,0.96,0.042,0.961,0.003,0.012426300001191604,45.3,13.0,649.0,0.42,0.4029999999999999,146.0,11.0,4.556,14.7,8.8,0.296,19.4,56.3,46767.148644538865,2.77,68.6,17.7,68.0,21.5,19.9,4.8,-24.176063441841222,16.86,24.473,-13510.916802493302,2280.0,27.85
Serbia,7359.0,77.88,11.1,1.2,1.6428873486760334,0.806,6.22,21.01193439612001,0.54,0.91,0.031,0.001,8.9e-05,5.3,14.0,3410.0,0.62,0.362,1485.0,7.9,1.52,45.9,21.5,0.7020000000000001,43.4,63.9,2272.0,-0.34,75.9,52.81923011625169,158.0,96.6,28.1,4.0,28.5,148.53,652.98,11897.0,2700.0,10.55
Seychelles,17382.0,59.15717725392608,13.8,12.5,1.210089500342564,0.796,5.436942529570594,43.41178753305377,0.7741725810407865,0.947,0.011,0.001,0.014703330365157807,14.2,12.343660581573625,3957.0,1.8,0.4679999999999999,1549.0,7.7,2.34,25.7,14.0,0.573,36.8,61.4,-874.7507443774157,0.5,73.3,51.1,324.0,71.5,25.2,4.4,11.035701122640376,79.23,102.991,-9342.55644963275,2400.0,27.15
Sierra Leone,528.0,24.97063847766981,5.7,1.7,-1.8892192619584498,0.452,4.86,31.86653435187631,0.9460531987637053,0.1545,0.7859999999999999,0.003,-0.017286145598219727,109.2,14.0,666.0,0.36,0.357,257.0,11.3,4.169,37.0,8.7,0.131,19.1,47.5,115776.97073948351,2.12,60.8,6.1,60.0,3.7,17.1,4.6,105.99159317903292,7.0,5.359,-59944.93705433503,2120.0,26.05
Singapore,64103.0,245.5,2.5,0.2,1.1057202561257418,0.938,6.03,64.52409856954185,0.7,0.18,0.156,0.3389999999999999,5.7e-05,2.5,10.0,20806.729426420698,4.71,0.3753827178202904,4439.0,9.7,1.14,16.6,6.1,0.8370000000000001,35.6,89.4,109107.78247661749,1.4,83.2,71.1,185.0,84.0,27.9,2.9,-36.69595161084254,51.72774948798212,1990.274,12000.0,2917.4572216889233,26.45
Slovakia,19256.0,101.28,11.5,1.1,-4.083671683968634,0.86,6.97,31.0,0.47,0.8,0.0015,0.001,0.00016,5.8,14.0,8410.0,1.12,0.252,2180.0,9.3,1.56,32.1,20.5,0.815,41.8,65.0,37.0,0.04,78.2,67.4,190.0,90.98021536026317,28.1,3.9,59.96335610668268,143.14,975.974,9400.0,2900.0,6.8
Slovenia,26062.0,108.47,12.6,0.5,2.2665244805379334,0.917,7.54,41.0,0.47,0.68,0.036,0.001,6.300000000000001e-06,2.1,14.0,12153.0,1.04,0.242,3158.0,14.0,1.61,25.3,20.2,0.79,44.9,65.5,12191.030200734087,0.07,81.3,88.0,53.0,99.3,29.0,4.8,18.3,235.01,1542.951,-534.7501378651941,3220.0,8.9
South Africa,6001.0,43.91,9.3,36.4,0.11246661452871987,0.709,7.05,14.0,0.85,0.7979999999999999,0.019,0.002,0.0043,34.5,12.0,3239.0,0.57,0.63,1129.0,23.5,2.381,38.1,28.3,0.551,28.0,58.3,35.0,1.2,65.3,39.0,248.0,72.1,29.0,6.2,36.0,55.75,225.098,5418.0,3000.0,17.75
South Korea,32143.0,241.58,10.2,0.6,2.8,0.916,8.01,69.0,0.43,0.276,0.001,0.2289999999999999,6.300000000000001e-06,3.2,14.0,18695.0,0.33,0.316,3214.0,21.2,0.864,35.0,4.7,0.966,43.2,72.3,18753.98004947922,0.36,83.3,48.0,105.0,104.092769752272,30.4,5.1,2.0,29.05,1297.123,63476.0,3040.0,11.5
Spain,29816.0,186.4,10.0,0.6,0.5980265724456165,0.904,8.12,41.0,0.49,0.5920000000000001,0.026,0.001,0.00074,3.1,14.0,15187.0,1.7,0.347,3576.0,5.3,1.24,37.5,23.8,0.908,43.9,65.7,57.0,0.03,83.2,118.6,122.0,94.7,32.3,4.2,6.4,164.29,1167.994,89962.0,3260.0,13.3
Sri Lanka,3940.0,134.66434161987831,4.3,2.4,6.980649018359319,0.782,6.14,40.24217759053309,1.0,0.075,0.0969999999999999,0.693,0.030145952598095938,7.1,8.0,671.0,0.68,0.3979999999999999,517.0,12.9,2.188,28.3,5.2,0.335,33.7,56.4,-45731.4133208342,0.35,76.9,6.6,135.0,81.0,23.8,2.8,-35.31692379628066,34.98,63.499,4115.0,2370.0,26.95
Sudan,815.0,105.535776760011,0.5,5.1,7.417231393846642,0.51,2.54,3.6159654992605397,0.93,0.015,0.97,0.001,-0.06187022088831218,58.4,12.0,84.0,1.21,0.354,293.0,4.8,4.347,33.467133173542294,6.6,0.299,18.3,47.7,18202.931580934186,2.38,69.1,21.0,52.0,24.3,22.7,2.2,623.0,155.2,9.521,24127.343465696416,2280.0,26.9
Suriname,6360.0,86.55612848627254,5.1,5.4,-2.182043124927432,0.738,6.82,10.368709753808048,0.7167543291445445,0.5,0.143,0.006,1.3e-05,18.0,15.354816106272212,4174.327247178389,0.3,0.5760000000000001,1180.0,25.9,2.394,43.837100445332084,26.4,0.479,31.0,48.1,30465.0,0.87,71.5,40.3,183.0,76.0,29.3,5.634245555335406,149.20242027940452,48.97,29.514,47.0,2460.0,25.7
Sweden,52896.0,169.0,9.2,1.1,7.0960085564432696,0.945,9.26,46.0,0.17,0.643,0.081,0.004,0.00095,2.6,15.0,20970.1170901341,1.69,0.288,5828.0,12.4,1.7,52.7,20.6,0.958,41.1,75.2,72865.49556080307,0.72,82.4,76.1,68.0,101.75474201783754,33.5,7.7,36.0,341.23,2047.908,4074.0,3110.0,2.1
Switzerland,85135.0,188.69,11.5,0.6,7.576687235478037,0.955,8.83,49.0,0.41,0.68,0.052,0.004,0.0012,4.0,10.0,24874.25346826133,2.85,0.327,8114.0,9.8,1.48,28.5,19.5,0.932,42.7,81.9,170014.06033810638,0.83,83.4,72.9,80.0,100.46828080018813,30.1,5.1,6.0,318.69,2507.621,12156.0,3450.0,5.5
Syria,1194.0,299.4745550289447,0.3,0.9,40.70762921982747,0.567,1.43,-39.749179309902445,0.89,0.1,0.87,-0.09573008750773362,6.300000000000001e-06,21.5,10.0,96.0,0.24,0.358,-975.7277270035065,2.1,2.771,33.14768402371294,27.8,0.723596900996559,23.5,62.14826892443799,1627.0,0.2,72.7,21.2,60.0,39.0,26.3,5.1,3753.0,111.43,16.229,1138.0,3040.0,17.75
Tajikistan,894.0,57.67803746722075,3.3,1.6,5.415109280793631,0.668,1.94,-12.445576772283658,0.85,0.0139999999999999,0.979,0.001,-0.014299568180163535,33.8,14.0,315.0,0.38,0.34,250.0,5.3,3.556,31.286613266481325,14.2,0.215,25.3,55.6,20.0,2.06,69.5,8.7,121.0,98.1,22.5,5.2,119.38993782243796,54.54,6.813,132.0,2190.0,2.0
Tanzania,1084.0,-7.980540855374443,9.4,6.5,6.33709002691006,0.529,5.1,21.207708212326793,0.89,0.614,0.352,0.001,0.1269518926605111,50.3,7.0,209.0,0.34,0.405,112.0,8.2,4.832,23.6,8.4,0.5356138371738819,18.2,60.2,-16977.98447807342,3.06,67.3,10.0,59.0,43.5,18.9,3.4,51.472162109457145,40.29,10.708,172.0,2020.0,22.35
Thailand,7785.0,206.81,8.3,2.6,7.72260680639676,0.777,6.04,80.19055469697551,0.97,0.012,0.054,0.932,1.3e-05,9.0,7.0,3316.0,0.33,0.364,723.0,8.0,1.514,31.8,10.0,0.526,39.0,68.3,3667.0,0.22,77.7,27.9,449.0,78.7,21.0,4.1,0.4,29.35,181.722,6750.0,2540.0,26.3
Togo,899.0,93.87413970913587,3.1,5.846983027802146,1.4524001216721185,0.515,2.8,2.677396492292445,0.8,0.29,0.2,0.001,0.0134449592097865,66.9,12.108965502834055,717.0,0.26,0.431,109.0,14.8,4.259,12.2,8.4,0.122,20.0,50.3,-12617.884938520387,2.45,64.3,8.5,67.0,20.4,22.3,5.0,211.0,7.96,10.901,-12026.360769800413,2150.0,27.15
Trinidad and Tobago,16637.0,79.89,8.4,30.6,3.3633775980023297,0.796,7.16,10.190703933899613,0.92,0.5760000000000001,0.0579999999999999,0.003,0.008534749647122863,17.5,8.543715987839883,4619.0,0.76,0.4029999999999999,2100.0,8.3,1.711,25.056491639708454,18.6,0.762,37.8,57.0,44054.0,0.26,76.1,57.8,292.0,82.8,29.2,3.1,30.565926986851366,103.8,151.816,23167.248297314705,2700.0,25.75
Tunisia,3318.0,78.86642575210249,1.9,3.1,0.4319009711769436,0.74,6.59,10.724611562273651,0.93,0.001,0.998,0.001,6.3e-05,16.9,13.0,1902.0,0.97,0.3279999999999999,912.0,3.2,2.174,39.7,26.9,0.5529999999999999,32.7,55.4,4275.0,1.09,77.0,25.5,194.0,39.8,28.7,6.6,28.66902362475338,114.47,481.185,720.0,3330.0,19.2
Turkey,9127.0,49.78810758457871,2.0,2.6,4.345446554614545,0.82,4.48,28.0,0.82,0.002,0.895,0.001,0.00094,10.0,12.0,7288.0,0.63,0.419,1171.0,2.3,2.055,35.4,32.1,0.754,32.2,64.6,622.0,1.37,78.6,19.3,335.0,88.1,24.8,4.4,8.5,193.94,407.286,75667.0,3500.0,9.9
Turkmenistan,8124.0,94.8998549088301,5.4,4.2,-1.6993360167994775,0.715,1.72,9.51670184757836,0.8,0.09,0.937,0.001,1.3e-05,42.0,14.0,1834.0,0.01,0.408,1275.0,6.1,2.74,37.60290110127508,18.6,0.209,29.2,48.4,42549.0,1.61,69.7,41.7,552.0,97.6,23.3,3.0,-12.838612435595735,137.09,0.684,450.0,2740.0,15.1
Uganda,737.0,33.76950854589859,9.5,10.5,3.580342471359801,0.544,4.94,39.88232234784374,0.93,0.8859999999999999,0.14,0.001,0.010385795948726018,45.8,12.0,417.0,0.24,0.428,139.0,10.4,4.824,25.2,5.3,0.238,15.7,59.7,30962.896040604122,3.23,66.7,11.7,124.0,36.1,18.2,2.6,143.0,37.27,15.75,288.0,2220.0,22.8
Ukraine,3496.0,67.52,8.6,6.2,3.7855509387276243,0.779,5.81,27.864671625224076,0.46,0.8190000000000001,0.017,0.001,0.003,8.4,14.0,3018.0,0.81,0.261,683.0,17.7,1.228,38.8,24.1,0.6659999999999999,41.2,52.3,720.0,-0.49,73.0,32.3,148.0,100.0,25.0,5.4,168.0,145.03,234.597,24416.0,3290.0,8.3
United Arab Emirates,43103.0,151.09,3.8,0.5,-0.9434632600447326,0.89,2.7,29.372840820113396,0.91,0.09,0.76,0.02,-0.0514799886565952,7.5,7.0,9443.712507098779,0.59,0.325,3173.0,5.2,1.387,21.8,31.7,0.925,38.4,77.1,335103.0,1.39,76.1,74.4,104.0,42.1,25.3,1.3,182.90015884516487,132.66,326.551,293.0,3170.0,27.0
United Kingdom,41855.0,92.63,11.4,1.2,2.2,0.932,8.54,49.0,0.27,0.593,0.063,0.004,0.018,4.3,11.0,23656.0,3.45,0.348,4620.0,6.9,1.65,35.2,27.8,0.968,40.6,78.9,14284.0,0.58,81.4,79.6,147.69027994384726,85.05729047016447,31.5,5.5,57.2,232.2,1454.849,188000.0,3450.0,8.45
United States,65134.0,191.97,9.8,5.0,3.7,0.926,7.92,47.0,0.69,0.69,0.011,0.012,0.36,6.5,0.0,15080.0,1.02,0.414,10624.0,14.5,1.705,32.3,36.2,0.955,38.5,76.8,35922.0,0.71,78.4,124.8,639.0,44.65671410042026,28.0,5.0,17.7,254.69,1292.61,275232.0,3800.0,8.55
Uruguay,16190.0,53.88,10.8,12.1,0.0637114625157954,0.817,8.61,59.22535895394694,0.41,0.581,0.001,0.001,0.0011,7.1,13.0,6103.0,0.5,0.397,2169.0,18.8,1.963,39.0,27.9,0.684,35.5,68.6,56407.73520464844,0.36,77.1,98.6,337.0,97.1,24.0,4.9,-111.62968101440947,210.54,247.008,3231.0,2840.0,17.55
Uzbekistan,1756.0,39.2,2.7,1.1,9.008794006081995,0.72,2.12,0.30089233780248037,0.59,0.026,0.887,0.001,0.0001899999999999,17.4,13.0,862.0,0.24,0.353,459.0,8.3,2.785,16.1,16.6,0.514,30.1,53.3,1682.0,1.41,73.0,20.7,68.0,99.8,22.4,6.3,91.01703885541343,130.81,10.9,1003.0,2560.0,12.05
Venezuela,4733.0,-106.44712452930457,5.6,36.7,3.735898609133892,0.711,2.76,19.901170333579643,0.79,0.88,0.004,0.001,0.0004399999999999,24.2,12.000073267454804,10.32,0.23,0.469,384.0,2.1,2.25,22.36910678434453,25.6,0.7120000000000001,30.0,25.9,18821.0,1.26,73.9,56.6,134.0,88.1,22.7,3.6,264.6633783157815,117.79,22.121,2275.0,2650.0,25.35
Vietnam,2715.0,66.38,8.3,1.5,-1.2110263105468297,0.704,2.94,26.069033623516987,0.3,0.0819999999999999,0.001,0.1639999999999999,0.0055813397885357,19.9,14.0,1437.0,0.26,0.357,440.0,7.2,2.05,43.165038776777834,2.1,0.7140000000000001,31.9,55.3,3194.0,1.0,73.7,28.6,128.0,76.9,22.8,4.3,16.6,16.36,44.858,24589.0,2780.0,24.45
Yemen,855.0,121.30307055467733,0.1,6.8,12.534558406173637,0.47,1.95,-17.02614944781189,0.99,0.0001,0.992,0.001,-0.025496584178581694,58.4,7.0,1675.5101643228663,0.21,0.367,637.5024184729136,7.1,3.7,30.9,17.1,0.265,19.8,53.45605189031606,797.0,2.33,66.6,14.7,53.0,13.7,23.0,5.2,1294.0,43.97,4.807,-12550.792495184905,2050.0,23.85
Zambia,1292.0,13.275568578027901,4.8,5.4,0.742173458333166,0.584,4.86,32.25756615745948,0.95,0.955,0.01,0.001,0.07032255880204713,61.7,8.0,925.0,0.45,0.5710000000000001,208.0,14.4,4.559,19.9,8.1,0.2739999999999999,16.9,53.6,-35952.32807321649,2.97,62.5,11.9,123.0,52.3,18.7,1.3,-56.8696866626571,9.71,12.275,45398.12709432038,1880.0,21.4
Zimbabwe,1464.0,55.81898826914721,4.8,7.5,8.245532122331218,0.571,3.16,-3.4252662291781064,0.88,0.87,0.0069999999999999,0.001,1.3e-05,54.6,7.0,1864.0359310370404,0.77,0.4429999999999999,198.0,23.6,3.531,18.3,15.5,0.31,20.5,40.4,63478.50802496127,2.28,60.7,15.2,127.0,81.1,19.9,6.1,848.0,31.9,24.864,232.0,2210.0,21.0
