COUNTRY,GDP,Internet Speed,Consumption of Pure Alcohol,Intentional Homicide Victims,Military Expenditures,Human Development Index,Democracy Index,Tertiary Education,Importance of Religion (in %),% of Christians,% of Muslims,% of Buddhists,% of Jews,Under-Five Mortality,Age of Criminal Responsability,Minimal Wage,External Debt (% of GDP),Gini (in %),Health Expenditure,Suicide Rate
Afghanistan,470.0,,0.2,6.7,,0.511,2.85,,97.0,0.02,99.7,0.1,,60.3,7.0,866.0,7.0,,186.0,6.0
Albania,5303.0,45.25,7.5,2.3,,0.795,6.08,,50.0,17.0,58.8,0.1,,9.7,14.0,3277.0,66.0,33.2,697.0,3.7
Algeria,3976.0,,0.9,1.4,,0.748,3.77,,95.0,0.01,99.7,0.1,,23.3,13.0,2010.0,2.0,27.6,963.0,2.6
American Samoa,,,,,,,,,,98.3,0.1,0.3,,,,,,,,
Andorra,40887.0,191.23,11.3,0.0,,0.868,,,,89.5,2.6,0.1,,3.0,12.0,14397.0,,,3607.0,
Angola,2671.0,,6.4,4.8,,0.581,3.66,,88.0,75.0,0.3,0.1,,74.7,14.0,764.0,41.0,51.3,165.0,12.6
Anguilla,25529.0,,,28.3,,,,,,90.5,0.6,,,,,,5.0,,,
Antigua and Barbuda,17113.0,,7.0,11.1,,0.778,,,,74.0,0.3,,,6.6,8.0,6317.0,34.0,,1406.0,0.3
Argentina,10041.0,51.51,9.8,5.3,,0.845,6.95,,65.0,77.0,0.9,0.1,1.1,9.3,16.0,8640.0,72.0,41.4,1990.0,8.1
Armenia,4623.0,,5.5,1.7,,0.776,5.35,,79.0,97.9,0.1,0.1,0.00063,11.8,14.0,1698.0,102.0,34.4,1037.0,2.7
Aruba,30975.0,,,1.9,,,,,,88.0,0.4,0.1,,,,,28.0,,,
Australia,54763.0,77.88,10.6,0.9,2.1,0.944,8.96,48.0,32.0,52.1,2.6,2.7,0.78,3.6,10.0,28734.0,130.0,34.4,5005.0,11.3
Austria,49701.0,117.31,11.6,1.0,,0.922,8.16,39.0,55.0,60.0,8.0,0.2,0.063,3.5,14.0,,165.0,29.7,5879.0,10.4
Azerbaijan,4782.0,,0.8,2.2,,0.756,2.68,,39.0,3.1,96.9,0.1,0.048,20.4,14.0,1765.0,22.0,26.6,634.0,4.0
Bahamas,34864.0,55.99,4.4,32.0,,0.814,,,,95.0,0.1,0.1,0.0019,12.6,,,194.0,,2005.0,3.4
Bahrain,23504.0,58.53,1.9,0.5,,0.852,2.49,,94.0,15.0,73.7,2.5,,6.9,,,66.0,,1955.0,7.2
Bangladesh,1846.0,36.02,0.0,2.4,,0.632,5.99,,100.0,0.4,90.4,0.5,,30.8,7.0,214.0,12.0,32.4,110.0,3.9
Barbados,18149.0,105.71,9.6,9.8,,0.814,,,,74.0,1.5,0.1,,12.7,,6500.0,100.0,,1204.0,0.3
Belarus,6674.0,68.73,11.2,2.4,,0.823,2.59,,34.0,55.4,0.7,0.1,0.057,3.2,14.0,0.0,66.0,25.2,1132.0,16.5
Belgium,46198.0,107.12,12.1,1.7,,0.931,7.51,43.0,33.0,65.0,7.6,0.2,0.18,3.4,12.0,21845.0,269.0,27.4,5405.0,13.9
Belize,4884.0,49.44,6.7,37.8,,0.716,,,62.0,76.7,0.2,0.5,,12.3,,3861.0,75.0,53.3,506.0,7.7
Benin,1220.0,,3.0,1.1,,0.545,4.58,,93.0,42.8,27.7,0.1,,90.3,,819.0,26.0,47.8,83.0,12.7
Bermuda,117768.0,,,8.1,,,,,,64.7,1.0,0.5,0.00063,,,,47.0,,,
Bhutan,3361.0,,0.6,1.2,,0.654,5.71,,,1.0,0.2,74.7,,28.5,10.0,639.0,108.0,37.4,322.0,5.1
Bolivia,3552.0,,4.8,6.2,,0.718,5.08,,89.0,89.0,0.1,0.1,0.0032,26.0,14.0,4071.0,33.0,42.2,496.0,6.8
Bonaire,,,,,,,,,,,,,,,,,,,,
Bosnia and Herzegovina,6109.0,44.85,6.4,1.2,,0.78,4.84,,77.0,45.94,50.7,,0.0032,5.9,14.0,2789.0,23.0,33.0,1301.0,8.3
Botswana,7961.0,,8.4,15.2,,0.735,7.62,,77.0,71.6,0.4,0.1,0.00063,41.6,,692.0,8.0,53.3,1089.0,20.2
Brazil,8755.0,90.3,7.8,27.4,1.4,0.765,6.92,16.0,87.0,90.0,0.36,0.1,0.59,11.0,12.0,3625.0,38.0,53.9,1531.0,6.4
British Virgin Islands,48511.0,,,8.3,,,,,,94.0,1.2,,,,,,2.0,,,
Brunei,31086.0,,0.4,0.5,,0.838,,,,7.1,80.9,8.6,,11.4,,,0.0,,1953.0,2.5
Brunei Darussalam,,,,,,,,,,,,,,,,,,,,
Bulgaria,9703.0,78.84,12.7,1.3,,0.816,6.71,,34.0,85.0,13.4,0.1,0.013,6.7,14.0,4596.0,63.0,40.4,1634.0,6.5
Burkina Faso,787.0,,8.2,1.3,,0.452,3.73,,88.0,22.0,63.2,0.1,,87.5,,710.0,26.0,35.3,112.0,14.4
Burundi,260.0,,7.5,6.1,,0.433,2.14,,98.0,75.0,10.0,,,56.5,15.0,,26.0,38.6,66.0,12.1
Cabo Verde,,,,,,,,,,,,,,,,,,,,
Cambodia,1644.0,,6.7,1.8,,0.594,3.1,,96.0,1.0,2.0,97.9,,26.6,14.0,,57.0,,261.0,5.5
Cameroon,1534.0,,8.9,1.4,,0.563,2.77,,96.0,70.7,30.0,0.1,,74.8,,743.0,24.0,46.6,134.0,15.9
Canada,46550.0,167.61,8.9,1.8,1.4,0.929,9.24,59.0,42.0,61.15,3.2,0.8,2.5,4.9,12.0,21477.0,143.0,33.8,5200.0,10.3
Cape Verde,3604.0,,5.7,6.8,,0.665,7.65,,,89.1,2.0,,,14.9,16.0,1584.0,99.0,47.2,400.0,15.2
Caribbean Netherlands,,,,,,,,,,,,,,,,,,,,
Cayman Islands,92692.0,,,8.2,,,,,,73.8,0.2,,,,,,7.0,,,
Central African Republic,468.0,,3.3,20.1,,0.397,1.32,,94.0,80.0,15.0,,,110.1,,777.0,39.0,56.2,97.0,23.0
Chad,707.0,,1.5,,,0.398,1.55,,95.0,35.0,58.0,0.1,,113.8,,1229.0,18.0,43.3,79.0,13.2
Channel Islands,,,,0.0,,,,,,,,,,,,,,,,
Chile,14896.0,176.48,9.3,4.4,,0.851,8.28,27.0,70.0,68.0,0.1,0.1,0.12,7.0,14.0,5753.0,82.0,44.4,2306.0,8.0
China,10004.0,172.95,7.2,0.5,1.7,0.761,2.27,35.8,,3.0,1.725,18.2,0.019,7.9,12.0,1945.0,29.0,38.5,935.0,6.7
Christmas Island (Australia),,,,,,,,,,,,,,,,,,,,
Cocos (Keeling) Islands,,,,,,,,,,,80.0,,,,,,,,,
Colombia,6432.0,53.73,5.8,25.3,,0.767,7.04,27.0,83.0,92.0,0.2,0.1,0.013,13.8,14.0,4022.0,57.0,50.4,1155.0,3.7
Comoros,1370.0,,0.9,,,0.554,3.09,,97.0,2.1,98.3,,,62.9,,1502.0,21.0,45.3,134.0,8.5
Congo,2304.0,,7.8,,,,,,,90.7,2.0,0.1,,47.8,,,,48.9,125.0,11.6
Democratic Republic of the Congo,545.0,,2.6,,,0.48,1.13,,94.0,92.0,10.0,0.1,0.00063,84.8,14.0,265.0,13.0,42.1,31.0,12.4
Cook Islands,21603.0,,10.6,,,,,,,86.0,0.1,,,,,,23.0,,752.0,
Costa Rica,12238.0,47.93,4.8,11.3,,0.81,8.16,28.0,79.0,82.0,0.1,0.1,0.016,8.6,12.0,6496.0,43.0,48.0,1337.0,7.6
Côte d'Ivoire,,,,,,,,,88.0,32.8,,0.1,,,10.0,750.0,,,,
Croatia,14627.0,57.3,8.9,0.6,,0.851,6.5,,70.0,90.1,1.5,0.1,0.011,4.8,14.0,6795.0,89.0,30.4,1876.0,11.0
Cuba,9296.0,,6.1,5.0,,0.783,2.84,,34.0,65.0,0.1,0.1,0.0032,5.1,16.0,1050.0,34.0,,2519.0,10.2
Curacao,18980.0,,,19.0,,,,,,,,,,,,,,,,
Cyprus,28285.0,50.46,10.8,1.3,,0.887,7.56,,75.0,79.0,25.3,0.2,0.00063,2.3,14.0,,849.0,31.4,2625.0,3.2
Czech Republic,23452.0,85.89,14.4,0.6,,0.9,7.67,31.0,21.0,34.0,0.15,0.1,0.025,3.2,15.0,7918.0,76.0,24.9,3041.0,9.5
Denmark,60657.0,210.71,10.4,1.0,,0.94,9.15,44.0,19.0,79.0,5.4,0.2,0.041,3.8,15.0,,158.0,28.7,5794.0,7.6
Djibouti,3252.0,,0.5,,,0.524,2.71,,98.0,6.0,97.0,,,57.5,,,71.0,44.6,135.0,11.9
Dominica,8111.0,37.62,8.2,26.6,,0.742,,,,88.7,0.2,0.1,,34.7,,3081.0,55.0,,710.0,
Dominican Republic,8282.0,,6.9,10.0,,0.756,6.32,,87.0,83.0,0.1,0.1,0.00063,28.0,,2915.0,36.0,43.7,1018.0,5.1
East Timor,1561.0,,2.1,4.1,,0.606,,,,99.1,0.1,,,44.2,,,,28.7,353.0,4.5
Eastern Mediterranean,,,,,,,,,,,,,,,,,,,,6.4
Ecuador,6184.0,,4.4,5.8,,0.759,6.13,,82.0,94.0,0.1,0.1,0.0038,14.0,12.0,5200.0,57.0,45.4,955.0,7.7
Egypt,3161.0,39.66,0.4,2.6,,0.707,2.93,,97.0,10.0,92.35,0.1,0.00063,20.3,12.0,,34.0,31.5,614.0,3.4
El Salvador,4187.0,,3.7,52.0,,0.673,5.9,,,81.9,0.28,0.1,0.00063,13.3,12.0,3650.0,56.0,38.6,592.0,6.1
England and Wales,,,,1.2,,,,,,,,,,,,,,,,
Equatorial Guinea,8130.0,,11.3,,,0.592,1.92,,,88.7,10.0,,,81.8,16.0,2643.0,12.0,,697.0,13.5
Eritrea,567.0,,1.3,,,0.459,2.15,,,67.0,43.8,,,40.5,,,15.0,,74.0,17.3
Estonia,23740.0,78.58,11.6,2.1,,0.892,7.84,41.0,16.0,45.0,0.1,0.1,0.012,2.4,14.0,7626.0,89.0,30.4,2428.0,12.0
Eswatini,4002.0,,9.9,11.6,,0.611,3.08,,,82.7,10.0,,,49.4,,694.0,14.0,54.6,696.0,40.5
Ethiopia,828.0,,2.8,8.8,,0.485,3.38,,,75.0,31.3,0.1,0.00063,50.7,9.0,,32.0,35.0,67.0,9.5
EU,,,,,,,,,,,,,,,,,,,,
Falkland Islands,,,,,,,,,,94.3,0.1,0.1,,,,,,,,
Faroe Islands,,,,,,,,,,95.4,0.1,,,,,,38.0,,,
Federated States of Micronesia,,,,,,,,,,95.4,,0.4,,,,,,,,
Fiji,6185.0,,3.0,,,0.743,5.72,,,64.4,6.3,0.1,,25.7,10.0,3096.0,18.0,36.7,372.0,9.5
Finland,48678.0,119.32,10.7,1.6,,0.938,9.2,41.0,28.0,69.8,1.8,0.1,0.0082,2.4,15.0,,223.0,27.4,4457.0,13.4
France,40319.0,192.25,12.6,1.2,2.1,0.901,7.99,45.0,30.0,60.5,8.8,0.5,2.9,4.5,13.0,21786.0,230.0,31.6,5250.0,9.7
French Guiana,,,,13.2,,,,,,,0.9,0.1,,,,,,,,
French Polynesia,21567.0,,,,,,,,,,0.1,0.1,,,,,,,,
Gabon,7773.0,,11.5,,,0.703,3.54,,,88.0,10.0,,,42.5,,3072.0,35.0,38.0,491.0,13.1
Gambia,776.0,,3.8,,,0.496,4.49,,,4.2,95.7,,,51.7,12.0,,61.0,35.9,81.0,9.6
Gaza Strip,,,,,,,,,,,,,,,,,,,,
Georgia,4439.0,,9.8,2.2,,0.812,5.31,,81.0,88.6,10.7,,0.0095,9.6,14.0,106.0,128.0,36.4,796.0,7.7
Germany,46232.0,120.93,13.4,0.9,1.4,0.947,8.67,30.0,40.0,55.0,6.55,0.3,0.74,3.8,14.0,22214.0,165.0,31.9,6098.0,8.3
Ghana,2203.0,51.93,2.7,2.1,,0.611,6.5,,95.0,71.2,17.6,0.1,,46.2,,482.0,30.0,43.5,168.0,10.5
Gibraltar,,,,3.0,,,,,,,4.0,,0.0044,,,,,,,
Greece,19604.0,36.73,10.4,0.9,,0.888,7.39,40.0,71.0,93.0,3.85,0.1,0.027,3.8,15.0,10389.0,298.0,34.4,2340.0,3.6
Greenland,53353.0,,,5.3,,,,,,96.6,0.1,,,,,,2.0,,,
Grenada,10818.0,54.65,9.3,10.8,,0.779,,,,97.3,0.3,,,16.5,,,66.0,,694.0,0.6
Guadeloupe,,,,5.8,,,,,,,0.4,,,,,,,,,
Guam,,,,,,,,,,,0.1,1.1,,,,,,,,
Guatemala,4363.0,,2.4,22.5,,0.663,4.97,,88.0,87.0,0.1,0.1,0.0057,24.5,,3941.0,28.0,48.3,483.0,6.2
Guernsey,,,,,,,,,,,,,,,,,,,,
Guinea,967.0,,1.3,,,0.477,3.08,,97.0,8.9,89.1,0.1,,98.8,10.0,,20.0,33.7,109.0,12.3
Guinea Bissau,688.0,,4.8,1.1,,0.48,2.63,,,10.0,45.1,,,78.5,16.0,390.0,94.0,50.7,123.0,12.4
Guyana,6610.0,45.37,6.3,14.2,,0.682,6.01,,,64.0,7.3,0.1,,29.3,,2015.0,36.0,44.6,513.0,40.9
Haiti,715.0,,5.8,6.7,,0.51,4.22,,85.0,96.0,0.1,0.1,,62.8,,1075.0,24.0,41.1,144.0,11.2
Holy See,,,,0.0,,,,,,,,,,,,,,,,
Honduras,2575.0,,4.0,38.9,,0.634,5.36,,,88.0,0.3,0.1,,16.8,,2372.0,38.0,52.1,362.0,2.6
Hong Kong,49180.0,240.83,,0.7,,0.949,5.57,,24.0,11.8,4.1,13.2,,,10.0,9954.0,,,,
Hungary,16879.0,193.8,11.4,2.5,,0.854,6.56,32.0,39.0,58.935,0.5,0.1,0.3,3.7,12.0,6647.0,160.0,30.6,2115.0,11.8
Iceland,71345.0,,9.1,0.9,,0.949,9.37,40.0,,75.1,0.2,0.4,,2.0,15.0,,81.0,26.8,5113.0,11.2
India,2116.0,55.76,5.7,3.1,2.9,0.645,6.61,,90.0,2.3,14.6,0.8,0.03,34.3,7.0,709.0,20.2,37.8,275.0,12.9
Indonesia,4136.0,,0.8,0.4,,0.718,6.3,11.0,99.0,10.72,86.7,0.8,0.00063,23.9,8.0,2477.0,37.0,39.0,375.0,2.6
Iran,7282.0,,1.0,2.5,,0.783,2.2,,73.0,0.4,99.4,0.1,0.053,13.9,12.0,1275.0,2.0,40.8,1691.0,5.1
Iraq,5730.0,,0.4,10.1,,0.674,3.62,,84.0,3.0,95.7,0.1,,25.9,9.0,2538.0,44.0,29.5,716.0,4.7
Ireland,81637.0,112.81,13.0,0.9,,0.955,9.05,52.0,54.0,83.8,1.4,0.2,0.016,3.3,10.0,23395.0,701.0,32.8,5897.0,8.9
Isle of Man,,,,0.0,,,,,,,0.2,,,,,,,,,
Israel,46376.0,147.36,3.8,1.5,5.6,0.919,7.84,46.0,51.0,3.5,18.0,0.3,40.0,3.7,12.0,17842.0,33.0,39.0,3207.0,5.2
Italy,33090.0,90.93,7.5,0.6,1.6,0.892,7.74,25.0,72.0,83.0,4.8,0.2,0.17,3.1,14.0,,141.0,35.9,3624.0,4.3
Ivory Coast,2276.0,49.33,8.4,,,0.538,4.11,,,,42.9,,,79.3,,,24.0,41.5,176.0,15.7
Jamaica,5369.0,37.95,4.2,43.9,,0.734,7.13,,70.0,65.3,0.2,0.1,0.0013,13.9,,2730.0,122.0,45.5,559.0,2.3
Japan,40063.0,167.18,8.0,0.3,1.0,0.919,8.13,60.0,24.0,2.3,0.1,36.2,0.0063,2.5,14.0,15646.0,96.0,32.9,4504.0,12.2
Jersey,,,,,,,,,,,,,,,,,,,,
Jordan,4405.0,67.35,0.7,1.4,,0.729,3.62,,96.0,6.0,97.2,0.4,,15.6,,5408.0,83.0,33.7,738.0,2.0
Kazakhstan,9793.0,56.12,7.7,5.1,,0.825,3.14,,53.0,26.2,70.2,0.2,0.016,10.5,14.0,887.0,91.0,27.5,784.0,18.1
Kenya,1817.0,,3.4,4.9,,0.601,5.05,,94.0,85.1,11.2,0.1,0.0019,43.2,8.0,755.0,26.0,40.8,179.0,11.0
Kiribati,1657.0,,0.4,,,0.63,,,,,0.1,,,50.9,,1880.0,8.0,,278.0,30.6
Kosovo,4473.0,54.39,,2.4,,,,,,,95.6,,,,14.0,2330.0,37.0,29.0,,
Kurdistan Region (Iraq),,,,2.2,,,,,,,,,,,,,,,,
Kuwait,31999.0,130.66,0.0,1.8,,0.806,3.8,,91.0,15.0,74.6,2.8,,7.9,7.0,2372.0,51.0,,3669.0,2.7
Kyrgyz Republic,,,,,,,,,,,,,,,,,,,,
Kyrgyzstan,1318.0,48.12,6.2,2.2,,0.697,4.21,,72.0,14.2,85.0,0.1,0.0025,18.3,14.0,196.0,112.0,27.7,260.0,8.3
Laos,2625.0,43.98,10.4,,,0.613,1.77,,97.0,2.2,0.1,66.1,,45.5,15.0,1869.0,53.0,36.4,167.0,6.0
Latvia,17885.0,128.69,12.9,4.4,,0.866,7.24,40.0,39.0,75.0,0.15,0.1,0.029,3.6,14.0,6853.0,126.0,35.6,1896.0,16.1
Lebanon,7784.0,,1.5,2.5,,0.744,4.16,,87.0,39.5,57.7,0.2,,7.2,,5212.0,63.0,31.8,1086.0,2.8
Lesotho,1158.0,,5.0,43.6,,0.527,6.3,,,90.0,0.1,0.1,,86.4,,978.0,53.0,44.9,309.0,87.5
Liberia,523.0,,5.8,3.3,,0.48,5.32,,94.0,85.5,20.0,0.1,,84.6,,774.0,51.0,35.3,12643.0,7.4
Libya,4810.0,,0.0,,,0.724,1.95,,,2.7,97.0,0.3,,11.5,14.0,3863.0,9.0,,,4.5
Liechtenstein,179258.0,193.79,,2.6,,0.919,,,,84.4,5.4,0.1,,,14.0,,0.0,,,
Lithuania,19795.0,132.67,15.0,4.6,,0.882,7.13,55.0,42.0,83.7,0.1,0.1,0.015,3.7,14.0,8054.0,74.0,37.3,2313.0,20.2
Luxembourg,115481.0,154.26,13.0,0.3,,0.916,8.68,50.0,39.0,72.4,2.3,0.1,0.0038,2.8,18.0,28438.0,22.1,34.9,6048.0,8.6
Macau,84097.0,170.3,,0.3,,,,,,,0.1,17.3,,,,9897.0,,,,
Macedonia,,,8.1,,,,,,,,,,,,,,,,,
Madagascar,523.0,41.4,1.9,,,0.528,5.7,,93.0,85.0,10.0,0.1,0.00063,50.6,,397.0,41.0,42.6,79.0,9.2
Malawi,435.0,,3.7,1.8,,0.483,5.74,,99.0,81.95,20.0,0.1,,41.6,,288.0,39.0,44.7,120.0,10.6
Malaysia,11414.0,103.34,0.9,2.1,,0.81,7.19,,96.0,9.2,61.3,19.8,,8.6,10.0,2663.0,68.0,41.0,1194.0,5.8
Maldives,10626.0,,2.7,0.7,,0.74,,,,0.08,100.0,0.6,,7.6,,,23.0,31.3,1443.0,2.8
Mali,887.0,,1.3,,,0.434,3.93,,95.0,2.4,95.0,0.1,,94.0,,583.0,26.0,33.0,90.0,8.0
Malta,33752.0,134.48,8.1,1.6,,0.895,7.68,,86.0,91.6,2.6,0.1,0.00063,7.0,,10668.0,691.0,29.2,3897.0,5.3
Marshall Islands,4038.0,,,,,0.704,,,,,0.1,,,31.8,,4160.0,52.0,,677.0,
Martinique,,,,2.8,,,,,,,0.2,0.1,,,,,,,,
Mauritania,1678.0,,0.0,,,0.546,3.92,,98.0,0.14,99.9,,,72.9,7.0,981.0,76.0,32.6,190.0,5.5
Mauritius,11169.0,,3.6,2.9,,0.804,8.14,,,32.2,17.3,0.1,,16.0,,2983.0,2007.0,36.8,1381.0,8.8
Mayotte,,,,5.9,,,,,,,97.0,,,,,,,,,
Mexico,9849.0,48.35,6.5,29.1,,0.779,6.07,21.0,73.0,88.9,0.01,0.1,0.25,14.2,12.0,3266.0,43.0,45.4,1066.0,5.3
Micronesia,3640.0,,2.5,,,0.62,,,,,0.1,,,29.4,,,29.0,40.1,414.0,29.0
Moldova,2957.0,114.01,15.2,4.1,,0.75,5.78,,72.0,95.3,0.4,,0.012,14.4,14.0,1895.0,70.0,25.7,480.0,12.2
Monaco,190532.0,220.35,,0.0,,,,,,82.6,0.8,,,3.1,,24092.0,240.0,,2983.0,
Mongolia,4295.0,43.67,7.4,6.2,,0.737,6.48,,,1.3,5.0,55.1,,15.6,14.0,1892.0,245.0,32.7,519.0,18.0
Montenegro,8825.0,64.44,8.0,2.2,,0.829,5.77,,71.0,78.8,19.1,0.1,,2.3,14.0,2645.0,151.0,39.0,1711.0,16.2
Montserrat,13487.0,,,20.3,,,,,,,0.1,,,,,,2.0,,,
Morocco,3282.0,,0.6,1.4,,0.686,5.04,,97.0,1.0,99.0,0.1,0.013,21.4,12.0,3736.0,46.0,39.5,467.0,7.3
Mozambique,504.0,,2.4,3.5,,0.456,3.51,,86.0,56.1,17.9,0.1,,74.2,16.0,576.0,72.0,54.0,118.0,23.2
Myanmar,1421.0,,4.8,2.3,,0.583,3.04,,97.0,6.2,4.3,89.9,,44.7,7.0,672.0,17.0,30.7,292.0,3.0
Namibia,4957.0,,9.8,17.7,,0.646,6.52,,92.0,90.0,0.4,0.1,0.00063,42.4,,,64.0,59.1,883.0,13.5
Nauru,12351.0,,6.0,,,,,,,,0.1,1.1,,30.9,,,22.0,,1174.0,
Nepal,1074.0,,2.0,2.3,,0.602,5.22,,93.0,0.9,4.2,10.3,,30.8,10.0,1430.0,16.0,32.8,180.0,9.8
Netherlands,53053.0,152.94,8.7,0.6,,0.944,8.96,45.0,33.0,40.4,5.1,0.2,0.19,4.0,12.0,23315.0,453.0,28.5,5635.0,9.3
Netherlands Antilles,,,,,,,,,,,0.2,,0.0019,,,,,,,
New Caledonia,34942.0,,,,,,,,,,2.8,0.6,,,,,1.0,,,
New Zealand,43264.0,153.88,10.7,0.7,,0.931,9.25,39.0,33.0,37.0,0.9,1.6,0.048,4.7,10.0,27407.0,90.0,,4024.0,10.3
Nicaragua,1913.0,,5.2,7.2,,0.66,3.6,,70.0,84.6,0.1,0.1,,16.6,13.0,1599.0,83.0,46.2,474.0,4.7
Niger,555.0,,0.5,4.4,,0.394,3.29,,100.0,0.5,98.3,,,80.4,,615.0,36.0,34.3,78.0,10.1
Nigeria,2361.0,,13.4,34.5,,0.539,4.1,,96.0,49.0,53.5,0.1,0.00063,117.2,7.0,1108.0,2.0,35.1,233.0,6.9
Niue,,,7.0,,,,,,,,0.1,,,,,,0.0,,1405.0,
Norfolk Island (Australia),,,,,,,,,,,,,,,,,,,,
North Korea,640.0,,3.9,,,,1.08,,,1.7,0.1,1.5,,17.3,14.0,,18.0,,,8.2
North Macedonia,6093.0,37.2,,1.2,,0.774,5.89,,76.0,70.7,33.3,0.1,0.00063,6.1,14.0,2293.0,73.0,34.2,1073.0,7.2
Northern Cyprus,,,,,,,,,,,,,,,,9012.0,,,,
Northern Ireland,,,,1.2,,,,,,,,,,,,,,,,
Northern Mariana Islands,,,,,,,,,,,0.7,10.6,,,,,,,,
Norway,74986.0,159.99,7.5,0.5,,0.957,9.81,48.0,22.0,76.7,3.2,0.6,0.0082,2.4,15.0,,181.0,27.0,6818.0,11.8
Occupied Palestinian Territory,,,,,,,,,,,,,,,,,,,,
Oman,15343.0,57.53,0.8,0.3,,0.813,3.0,,100.0,6.5,86.0,0.8,,11.4,9.0,10143.0,35.0,,1730.0,4.5
Pakistan,1187.0,,0.3,3.9,,0.557,4.31,,92.0,1.6,96.5,0.1,,67.2,7.0,1539.0,43.0,33.5,178.0,0.6
Palau,15572.0,,,,,0.826,,,,77.9,0.1,0.8,,17.3,10.0,6240.0,6209.0,,2012.0,
Palestine,3424.0,,,0.5,,0.708,3.83,,,,97.5,0.1,,,,4833.0,35.0,33.7,,
Panama,15728.0,125.25,7.9,9.4,,0.815,7.18,,88.0,92.0,0.7,0.2,0.063,14.9,12.0,3819.0,157.0,49.2,1857.0,2.9
Papua New Guinea,2845.0,,1.2,,,0.555,6.1,,,97.0,0.1,0.1,,44.8,7.0,2161.0,111.0,41.9,101.0,3.6
Paraguay,5406.0,56.89,7.2,7.1,,0.728,6.18,,92.0,96.0,0.1,0.1,0.0063,19.4,14.0,4402.0,54.0,46.2,935.0,6.2
Peru,6978.0,51.81,6.3,7.9,,0.777,6.53,,84.0,87.0,0.1,0.2,0.012,13.2,14.0,3344.0,44.0,42.8,767.0,2.7
Philippines,3324.0,49.31,6.6,6.5,,0.718,6.56,,96.0,85.0,8.0,0.1,0.00063,27.3,15.0,2696.0,27.0,44.4,394.0,2.5
Pitcairn Islands,,,,,,,,,,100.0,,,,,,,,,,
Poland,15727.0,130.98,11.6,0.7,,0.88,6.85,43.0,75.0,94.3,0.02,0.1,0.029,4.4,15.0,9408.0,60.0,29.7,2015.0,9.3
Portugal,23350.0,150.39,12.3,0.8,,0.864,7.9,33.0,72.0,84.3,0.4,0.6,0.0038,3.7,16.0,9594.0,203.0,33.8,3242.0,7.2
Puerto Rico,35791.0,,,21.1,,,,,,89.0,0.1,0.3,0.0095,,,,164.0,,,
Qatar,64782.0,105.2,2.0,0.4,,0.848,3.24,,95.0,13.8,77.5,3.1,,6.5,7.0,,83.0,,3166.0,4.7
Republic of Moldova,,,,,,,,,,,,,,,,,,,,
Republic of the Congo,,,,,,0.574,3.11,,95.0,,,,,,,1843.0,55.0,,,
Republika Srpska,,,,,,,,,,,,,,,,,,,,
Réunion,,,,1.8,,,,,,,4.2,0.2,,,,,,,,
Romania,12914.0,214.33,12.6,1.3,,0.828,6.4,,84.0,98.0,0.65,0.1,0.057,7.0,14.0,6513.0,58.0,36.0,1576.0,7.3
Russia,11606.0,87.01,11.7,8.2,4.3,0.824,3.31,58.0,34.0,61.8,12.5,0.1,1.0,5.8,14.0,2371.0,32.0,37.5,1488.0,21.6
Rwanda,820.0,,9.0,2.6,,0.543,3.1,,95.0,93.6,4.8,,,34.3,14.0,,29.0,43.7,170.0,9.5
Saint Barthelemy,,,,,,,,,,,,,,,,,,,,
Saint Helena,,,,0.0,,,,,,,0.1,,,,,,,,,
Saint Kitts and Nevis,19896.0,,9.4,36.1,,0.779,,,,,0.3,,,15.4,,6933.0,20.0,,1556.0,
Saint Lucia,11611.0,45.66,9.9,21.4,,0.759,,,,,0.1,,,22.3,,,36.0,51.2,611.0,6.9
Saint Martin,,,,27.7,,,,,,,,,,,,,,,,
Saint Pierre and Miquelon,,,,15.8,,,,,,,0.2,,,,,,,,,
Saint Vincent and the Grenadines,7464.0,46.51,8.2,36.5,,0.738,,,,,1.7,,,14.6,,2407.0,42.0,,550.0,1.0
Samoa,4285.0,,2.5,,,0.715,,,,,0.1,,,15.0,,1589.0,51.0,,355.0,14.6
San Marino,47313.0,115.27,,0.0,,,,,,91.6,0.1,,,1.7,14.0,20580.0,23.0,,4340.0,
Sao Tome and Principe,1961.0,,6.8,3.3,,0.625,,,,,3.0,,,29.8,16.0,,67.0,56.3,214.0,2.2
Saudi Arabia,23140.0,90.24,0.2,1.3,8.4,0.854,2.08,26.0,93.0,5.0,98.2,0.3,,6.6,12.0,9600.0,31.0,,3520.0,5.4
Scotland,,,,1.1,,,,,,,,,,,,,,,,
Senegal,1452.0,35.32,0.7,0.3,,0.512,5.67,,96.0,4.2,96.1,0.3,,45.3,13.0,649.0,42.0,40.3,146.0,11.0
Serbia,7359.0,77.88,11.1,1.2,,0.806,6.22,,54.0,91.0,3.1,0.1,0.0089,5.3,14.0,3410.0,62.0,36.2,1485.0,7.9
Seychelles,17382.0,,13.8,12.5,,0.796,,,,94.7,1.1,0.1,,14.2,,3957.0,180.0,46.8,1549.0,7.7
Sierra Leone,528.0,,5.7,1.7,,0.452,4.86,,,15.45,78.6,0.3,,109.2,14.0,666.0,36.0,35.7,257.0,11.3
Singapore,64103.0,245.5,2.5,0.2,,0.938,6.03,,70.0,18.0,15.6,33.9,0.0057,2.5,10.0,,471.0,,4439.0,9.7
Sint Maarten,,,,,,,,,,,,,,,,,,,,
Slovakia,19256.0,101.28,11.5,1.1,,0.86,6.97,31.0,47.0,80.0,0.15,0.1,0.016,5.8,14.0,8410.0,112.0,25.2,2180.0,9.3
Slovenia,26062.0,108.47,12.6,0.5,,0.917,7.54,41.0,47.0,68.0,3.6,0.1,0.00063,2.1,14.0,12153.0,104.0,24.2,3158.0,14.0
Solomon Islands,1945.0,,1.4,,,0.567,,,,,0.1,0.3,,19.7,8.0,916.0,40.0,,108.0,17.4
Somalia,105.0,,0.0,,,,,,100.0,0.01,99.8,,,117.0,,,52.0,,,14.7
Somaliland,,,,,,,,,,,,,,,,,,,,
South Africa,6001.0,43.91,9.3,36.4,,0.709,7.05,14.0,85.0,79.8,1.9,0.2,0.43,34.5,12.0,3239.0,57.0,63.0,1129.0,23.5
South Korea,32143.0,241.58,10.2,0.6,2.8,0.916,8.01,69.0,43.0,27.6,0.1,22.9,0.00063,3.2,14.0,18695.0,33.0,31.6,3214.0,21.2
South Sudan,448.0,,,14.9,,0.433,,,,60.5,20.0,,,96.2,,,,46.3,114.0,6.7
South-East Asia,,,,,,,,,,,,,,,,,,,,
Spain,29816.0,186.4,10.0,0.6,,0.904,8.12,41.0,49.0,59.2,2.6,0.1,0.074,3.1,14.0,15187.0,170.0,34.7,3576.0,5.3
Sri Lanka,3940.0,,4.3,2.4,,0.782,6.14,,100.0,7.5,9.7,69.3,,7.1,8.0,671.0,68.0,39.8,517.0,12.9
State of Palestine,,,,,,,,,93.0,,,,,,,,,,,
Sudan,815.0,,0.5,5.1,,0.51,2.54,,93.0,1.5,97.0,0.1,,58.4,12.0,84.0,121.0,35.4,293.0,4.8
Suriname,6360.0,,5.1,5.4,,0.738,6.82,,,50.0,14.3,0.6,0.0013,18.0,,,30.0,57.6,1180.0,25.9
Svalbard (Norway),,,,,,,,,,,,,,,,,,,,
Svalbard and Jan Mayen,,,,,,,,,,,,,,,,,,,,
Swaziland,,,,,,,,,,,,0.1,,,7.0,,,,,
Sweden,52896.0,169.0,9.2,1.1,,0.945,9.26,46.0,17.0,64.3,8.1,0.4,0.095,2.6,15.0,,169.0,28.8,5828.0,12.4
Switzerland,85135.0,188.69,11.5,0.6,,0.955,8.83,49.0,41.0,68.0,5.2,0.4,0.12,4.0,10.0,,285.0,32.7,8114.0,9.8
Syria,1194.0,,0.3,0.9,,0.567,1.43,,89.0,10.0,87.0,,0.00063,21.5,10.0,96.0,24.0,35.8,,2.1
Syrian Arab Republic,,,,,,,,,,,,,,,,,,,,
Taiwan,28371.0,163.85,,0.8,,,8.94,,45.0,,0.3,21.3,0.00063,,14.0,9702.0,28.0,,,
Tajikistan,894.0,,3.3,1.6,,0.668,1.94,,85.0,1.4,97.9,0.1,,33.8,14.0,315.0,38.0,34.0,250.0,5.3
Tanzania,1084.0,,9.4,6.5,,0.529,5.1,,89.0,61.4,35.2,0.1,,50.3,7.0,209.0,34.0,40.5,112.0,8.2
Thailand,7785.0,206.81,8.3,2.6,,0.777,6.04,,97.0,1.2,5.4,93.2,0.0013,9.0,7.0,3316.0,33.0,36.4,723.0,8.0
The Bahamas,,,,,,,,,,,,,,,,10920.0,,,,
The Gambia,,,,,,,,,,,,,,,,260.0,,,,
Timor-Leste,,,,,,,7.06,,,,,,,,16.0,1380.0,12.0,,,
Togo,899.0,,3.1,,,0.515,2.8,,80.0,29.0,20.0,0.1,,66.9,,717.0,26.0,43.1,109.0,14.8
Tokelau,,,,,,,,,,,0.1,,,,,,,,,
Tonga,4865.0,,1.5,,,0.725,,,,81.0,0.1,0.1,,16.6,,,54.0,,355.0,4.4
Trinidad and Tobago,16637.0,79.89,8.4,30.6,,0.796,7.16,,92.0,57.6,5.8,0.3,,17.5,,4619.0,76.0,40.3,2100.0,8.3
Tunisia,3318.0,,1.9,3.1,,0.74,6.59,,93.0,0.1,99.8,0.1,0.0063,16.9,13.0,1902.0,97.0,32.8,912.0,3.2
Turkey,9127.0,,2.0,2.6,,0.82,4.48,28.0,82.0,0.2,89.5,0.1,0.094,10.0,12.0,7288.0,63.0,41.9,1171.0,2.3
Turkmenistan,8124.0,,5.4,4.2,,0.715,1.72,,80.0,9.0,93.7,0.1,0.0013,42.0,14.0,1834.0,1.0,40.8,1275.0,6.1
Turks and Caicos Islands,31353.0,,,5.7,,,,,,,0.1,,,,,,,,,
Tuvalu,4036.0,,1.7,,,,,,,,0.1,0.1,,23.9,,,,,758.0,
Uganda,737.0,,9.5,10.5,,0.544,4.94,,93.0,88.6,14.0,0.1,,45.8,12.0,417.0,24.0,42.8,139.0,10.4
Ukraine,3496.0,67.52,8.6,6.2,,0.779,5.81,,46.0,81.9,1.7,0.1,0.3,8.4,14.0,3018.0,81.0,26.1,683.0,17.7
United Arab Emirates,43103.0,151.09,3.8,0.5,,0.89,2.7,,91.0,9.0,76.0,2.0,,7.5,7.0,,59.0,32.5,3173.0,5.2
United Kingdom,41855.0,92.63,11.4,1.2,2.2,0.932,8.54,49.0,27.0,59.3,6.3,0.4,1.8,4.3,11.0,23656.0,345.0,34.8,4620.0,6.9
United Republic of Tanzania,,,,,,,,,,,,,,,,,,,,
United States,65134.0,191.97,9.8,5.0,3.7,0.926,7.92,47.0,69.0,69.0,1.1,1.2,36.0,6.5,0.0,15080.0,102.0,41.4,10624.0,14.5
Uruguay,16190.0,53.88,10.8,12.1,,0.817,8.61,,41.0,58.1,0.1,0.1,0.11,7.1,13.0,6103.0,50.0,39.7,2169.0,18.8
US Virgin Islands,,,,,,,,,,,,0.1,,,,,,,,
Uzbekistan,1756.0,39.2,2.7,1.1,,0.72,2.12,,59.0,2.6,88.7,0.1,0.019,17.4,13.0,862.0,24.0,35.3,459.0,8.3
Vanuatu,3023.0,,1.0,,,0.609,,,,,0.1,0.1,,25.9,10.0,3095.0,27.0,,109.0,21.0
Vatican,,,,,,,,,,,0.0,,,,,,,,,
Venezuela,4733.0,,5.6,36.7,,0.711,2.76,,79.0,88.0,0.4,0.1,0.044,24.2,,10.32,23.0,46.9,384.0,2.1
Vietnam,2715.0,66.38,8.3,1.5,,0.704,2.94,,30.0,8.2,0.1,16.4,,19.9,14.0,1437.0,26.0,35.7,440.0,7.2
Virgin Islands,,,,49.3,,,,,,,0.1,,0.0025,,,,,,,
Wallis and Futuna,,,,,,,,,,,0.1,,,,,,6.0,,,
West Bank,,,,,,,,,,,,,2.7,19.4,,,,,,
Western Sahara,,,,,,,,,,,99.4,,,,,,,,,
Western Samoa,,,,,,,,,,,,,,,,,,,,
Yemen,855.0,,0.1,6.8,,0.47,1.95,,99.0,0.01,99.2,0.1,,58.4,7.0,,21.0,36.7,,7.1
Zambia,1292.0,,4.8,5.4,,0.584,4.86,,95.0,95.5,1.0,0.1,,61.7,8.0,925.0,45.0,57.1,208.0,14.4
Zimbabwe,1464.0,,4.8,7.5,,0.571,3.16,,88.0,87.0,0.7,0.1,0.0013,54.6,7.0,,77.0,44.3,198.0,23.6
